Start Date,End Date,Start Price,End Price,Profit/Loss,Profit/Loss %,Days Held,Max Price,Min Price,Max Drawdown,Max Drawdown %,Volatility %
2020-03-23,2023-03-23,6503.53,28345.70,21842.17,335.85,1095,67549.14,5882.20,51788.95,76.67,3.60
2020-03-24,2023-03-24,6767.18,27493.01,20725.83,306.27,1095,67549.14,5882.20,51788.95,76.67,3.60
2020-03-25,2023-03-25,6694.21,27492.83,20798.62,310.70,1095,67549.14,5882.20,51788.95,76.67,3.60
2020-03-26,2023-03-26,6757.95,27995.16,21237.21,314.26,1095,67549.14,5882.20,51788.95,76.67,3.60
2020-03-27,2023-03-27,6382.80,27146.01,20763.21,325.30,1095,67549.14,5882.20,51788.95,76.67,3.60
2020-03-28,2023-03-28,6252.49,27266.08,21013.59,336.08,1095,67549.14,5882.20,51788.95,76.67,3.60
2020-03-29,2023-03-29,5882.20,28355.70,22473.50,382.06,1095,67549.14,5882.20,51788.95,76.67,3.60
2020-03-30,2023-03-30,6403.31,28040.71,21637.40,337.91,1095,67549.14,6403.31,51788.95,76.67,3.59
2020-03-31,2023-03-31,6423.61,28474.62,22051.01,343.28,1095,67549.14,6423.61,51788.95,76.67,3.59
2020-04-01,2023-04-01,6663.63,28468.49,21804.86,327.22,1095,67549.14,6629.54,51788.95,76.67,3.59
2020-04-02,2023-04-02,6804.42,28187.85,21383.43,314.26,1095,67549.14,6629.54,51788.95,76.67,3.59
2020-04-03,2023-04-03,6743.68,27809.04,21065.36,312.37,1095,67549.14,6629.54,51788.95,76.67,3.59
2020-04-04,2023-04-04,6875.95,28177.23,21301.28,309.79,1095,67549.14,6629.54,51788.95,76.67,3.59
2020-04-05,2023-04-05,6781.64,28180.06,21398.42,315.53,1095,67549.14,6629.54,51788.95,76.67,3.58
2020-04-06,2023-04-06,7347.22,28043.49,20696.27,281.69,1095,67549.14,6629.54,51788.95,76.67,3.58
2020-04-07,2023-04-07,7201.57,27927.80,20726.23,287.80,1095,67549.14,6629.54,51788.95,76.67,3.58
2020-04-08,2023-04-08,7367.37,27953.93,20586.56,279.43,1095,67549.14,6629.54,51788.95,76.67,3.58
2020-04-09,2023-04-09,7294.55,28340.68,21046.13,288.52,1095,67549.14,6629.54,51788.95,76.67,3.58
2020-04-10,2023-04-10,6876.49,29655.75,22779.26,331.26,1095,67549.14,6629.54,51788.95,76.67,3.57
2020-04-11,2023-04-11,6887.60,30226.45,23338.85,338.85,1095,67549.14,6629.54,51788.95,76.67,3.57
2020-04-12,2023-04-12,6913.76,29905.56,22991.80,332.55,1095,67549.14,6629.54,51788.95,76.67,3.57
2020-04-13,2023-04-13,6859.43,30407.76,23548.33,343.30,1095,67549.14,6629.54,51788.95,76.67,3.57
2020-04-14,2023-04-14,6879.44,30491.71,23612.27,343.23,1095,67549.14,6629.54,51788.95,76.67,3.57
2020-04-15,2023-04-15,6629.54,30321.55,23692.01,357.37,1095,67549.14,6629.54,51788.95,76.67,3.57
2020-04-16,2023-04-16,7114.55,30322.37,23207.82,326.20,1095,67549.14,6842.45,51788.95,76.67,3.57
2020-04-17,2023-04-17,7037.12,29446.34,22409.22,318.44,1095,67549.14,6842.45,51788.95,76.67,3.57
2020-04-18,2023-04-18,7264.29,30395.53,23131.24,318.42,1095,67549.14,6842.45,51788.95,76.67,3.57
2020-04-19,2023-04-19,7132.88,28821.91,21689.03,304.07,1095,67549.14,6842.45,51788.95,76.67,3.57
2020-04-20,2023-04-20,6842.45,28248.11,21405.66,312.84,1095,67549.14,6842.45,51788.95,76.67,3.57
2020-04-21,2023-04-21,6855.11,27261.17,20406.06,297.68,1095,67549.14,6855.11,51788.95,76.67,3.57
2020-04-22,2023-04-22,7135.41,27820.73,20685.32,289.90,1095,67549.14,7135.41,51788.95,76.67,3.57
2020-04-23,2023-04-23,7489.25,27596.85,20107.60,268.49,1095,67549.14,7489.25,51788.95,76.67,3.57
2020-04-24,2023-04-24,7509.44,27520.93,20011.49,266.48,1095,67549.14,7509.44,51788.95,76.67,3.57
2020-04-25,2023-04-25,7546.92,28308.07,20761.15,275.09,1095,67549.14,7546.92,51788.95,76.67,3.57
2020-04-26,2023-04-26,7701.35,28432.89,20731.54,269.19,1095,67549.14,7701.35,51788.95,76.67,3.57
2020-04-27,2023-04-27,7787.41,29483.94,21696.53,278.61,1095,67549.14,7760.32,51788.95,76.67,3.57
2020-04-28,2023-04-28,7760.32,29339.99,21579.67,278.08,1095,67549.14,7760.32,51788.95,76.67,3.57
2020-04-29,2023-04-29,8784.96,29251.20,20466.24,232.97,1095,67549.14,8568.88,51788.95,76.67,3.55
2020-04-30,2023-04-30,8637.56,29236.81,20599.25,238.48,1095,67549.14,8568.88,51788.95,76.67,3.55
2020-05-01,2023-05-01,8829.12,28086.77,19257.65,218.12,1095,67549.14,8568.88,51788.95,76.67,3.55
2020-05-02,2023-05-02,8981.11,28694.70,19713.59,219.50,1095,67549.14,8568.88,51788.95,76.67,3.55
2020-05-03,2023-05-03,8907.19,29041.65,20134.46,226.05,1095,67549.14,8568.88,51788.95,76.67,3.55
2020-05-04,2023-05-04,8881.65,28865.72,19984.07,225.00,1095,67549.14,8568.88,51788.95,76.67,3.55
2020-05-05,2023-05-05,9029.75,29548.51,20518.76,227.24,1095,67549.14,8568.88,51788.95,76.67,3.55
2020-05-06,2023-05-06,9153.20,28943.98,19790.78,216.22,1095,67549.14,8568.88,51788.95,76.67,3.55
2020-05-07,2023-05-07,9999.93,28572.81,18572.88,185.73,1095,67549.14,8568.88,51788.95,76.67,3.54
2020-05-08,2023-05-08,9808.18,27783.42,17975.24,183.27,1095,67549.14,8568.88,51788.95,76.67,3.54
2020-05-09,2023-05-09,9541.13,27680.21,18139.08,190.11,1095,67549.14,8568.88,51788.95,76.67,3.54
2020-05-10,2023-05-10,8735.05,27628.73,18893.68,216.30,1095,67549.14,8568.88,51788.95,76.67,3.53
2020-05-11,2023-05-11,8568.88,26991.62,18422.74,215.00,1095,67549.14,8568.88,51788.95,76.67,3.53
2020-05-12,2023-05-12,8821.18,26807.09,17985.91,203.89,1095,67549.14,8718.49,51788.95,76.67,3.53
2020-05-13,2023-05-13,9317.44,26788.88,17471.44,187.51,1095,67549.14,8718.49,51788.95,76.67,3.52
2020-05-14,2023-05-14,9793.19,26931.44,17138.25,175.00,1095,67549.14,8718.49,51788.95,76.67,3.52
2020-05-15,2023-05-15,9311.69,27176.27,17864.58,191.85,1095,67549.14,8718.49,51788.95,76.67,3.52
2020-05-16,2023-05-16,9387.08,27036.57,17649.49,188.02,1095,67549.14,8718.49,51788.95,76.67,3.52
2020-05-17,2023-05-17,9670.56,27406.21,17735.65,183.40,1095,67549.14,8718.49,51788.95,76.67,3.52
2020-05-18,2023-05-18,9722.73,26823.31,17100.58,175.88,1095,67549.14,8718.49,51788.95,76.67,3.52
2020-05-19,2023-05-19,9780.20,26888.42,17108.22,174.93,1095,67549.14,8718.49,51788.95,76.67,3.52
2020-05-20,2023-05-20,9509.45,27118.54,17609.09,185.17,1095,67549.14,8718.49,51788.95,76.67,3.52
2020-05-21,2023-05-21,9059.11,26755.17,17696.06,195.34,1095,67549.14,8718.49,51788.95,76.67,3.51
2020-05-22,2023-05-22,9170.74,26855.40,17684.66,192.84,1095,67549.14,8718.49,51788.95,76.67,3.51
2020-05-23,2023-05-23,9186.19,27224.70,18038.51,196.37,1095,67549.14,8718.49,51788.95,76.67,3.51
2020-05-24,2023-05-24,8718.49,26326.17,17607.68,201.96,1095,67549.14,8718.49,51788.95,76.67,3.51
2020-05-25,2023-05-25,8901.48,26480.21,17578.73,197.48,1095,67549.14,8844.50,51788.95,76.67,3.51
2020-05-26,2023-05-26,8844.50,26719.70,17875.20,202.11,1095,67549.14,8844.50,51788.95,76.67,3.51
2020-05-27,2023-05-27,9204.62,26872.59,17667.97,191.95,1095,67549.14,9007.14,51788.95,76.67,3.51
2020-05-28,2023-05-28,9579.71,28077.57,18497.86,193.09,1095,67549.14,9007.14,51788.95,76.67,3.51
2020-05-29,2023-05-29,9424.62,27746.07,18321.45,194.40,1095,67549.14,9007.14,51788.95,76.67,3.51
2020-05-30,2023-05-30,9699.78,27703.56,18003.78,185.61,1095,67549.14,9007.14,51788.95,76.67,3.51
2020-05-31,2023-05-31,9450.47,27220.17,17769.70,188.03,1095,67549.14,9007.14,51788.95,76.67,3.51
2020-06-01,2023-06-01,10211.23,26825.73,16614.50,162.71,1095,67549.14,9007.14,51788.95,76.67,3.50
2020-06-02,2023-06-02,9523.75,27251.14,17727.39,186.14,1095,67549.14,9007.14,51788.95,76.67,3.49
2020-06-03,2023-06-03,9666.06,27078.30,17412.24,180.14,1095,67549.14,9007.14,51788.95,76.67,3.49
2020-06-04,2023-06-04,9794.55,27125.24,17330.69,176.94,1095,67549.14,9007.14,51788.95,76.67,3.49
2020-06-05,2023-06-05,9622.02,25740.46,16118.44,167.52,1095,67549.14,9007.14,51788.95,76.67,3.50
2020-06-06,2023-06-06,9671.46,27269.02,17597.56,181.95,1095,67549.14,9007.14,51788.95,76.67,3.50
2020-06-07,2023-06-07,9750.70,26348.91,16598.21,170.23,1095,67549.14,9007.14,51788.95,76.67,3.50
2020-06-08,2023-06-08,9782.58,26509.09,16726.51,170.98,1095,67549.14,9007.14,51788.95,76.67,3.50
2020-06-09,2023-06-09,9779.70,26483.81,16704.11,170.80,1095,67549.14,9007.14,51788.95,76.67,3.50
2020-06-10,2023-06-10,9891.84,25856.18,15964.34,161.39,1095,67549.14,9007.14,51788.95,76.67,3.50
2020-06-11,2023-06-11,9268.13,25937.58,16669.45,179.86,1095,67549.14,9007.14,51788.95,76.67,3.50
2020-06-12,2023-06-12,9464.23,25905.64,16441.41,173.72,1095,67549.14,9007.14,51788.95,76.67,3.50
2020-06-13,2023-06-13,9474.65,25928.94,16454.29,173.67,1095,67549.14,9007.14,51788.95,76.67,3.50
2020-06-14,2023-06-14,9333.70,25125.73,15792.03,169.19,1095,67549.14,9007.14,51788.95,76.67,3.50
2020-06-15,2023-06-15,9429.65,25574.36,16144.71,171.21,1095,67549.14,9007.14,51788.95,76.67,3.50
2020-06-16,2023-06-16,9526.70,26330.59,16803.89,176.39,1095,67549.14,9007.14,51788.95,76.67,3.50
2020-06-17,2023-06-17,9459.13,26510.43,17051.30,180.26,1095,67549.14,9007.14,51788.95,76.67,3.50
2020-06-18,2023-06-18,9380.67,26338.00,16957.33,180.77,1095,67549.14,9007.14,51788.95,76.67,3.50
2020-06-19,2023-06-19,9301.83,26842.09,17540.26,188.57,1095,67549.14,9007.14,51788.95,76.67,3.50
2020-06-20,2023-06-20,9359.18,28319.35,18960.17,202.58,1095,67549.14,9007.14,51788.95,76.67,3.50
2020-06-21,2023-06-21,9292.81,30000.55,20707.74,222.84,1095,67549.14,9007.14,51788.95,76.67,3.51
2020-06-22,2023-06-22,9691.61,29892.81,20201.20,208.44,1095,67549.14,9007.14,51788.95,76.67,3.50
2020-06-23,2023-06-23,9624.30,30705.39,21081.09,219.04,1095,67549.14,9007.14,51788.95,76.67,3.51
2020-06-24,2023-06-24,9292.94,30548.20,21255.26,228.72,1095,67549.14,9007.14,51788.95,76.67,3.50
2020-06-25,2023-06-25,9241.32,30473.64,21232.32,229.75,1095,67549.14,9007.14,51788.95,76.67,3.50
2020-06-26,2023-06-26,9158.07,30271.91,21113.84,230.55,1095,67549.14,9007.14,51788.95,76.67,3.50
2020-06-27,2023-06-27,9007.14,30696.99,21689.85,240.81,1095,67549.14,9007.14,51788.95,76.67,3.50
2020-06-28,2023-06-28,9120.39,30078.90,20958.51,229.80,1095,67549.14,9066.46,51788.95,76.67,3.50
2020-06-29,2023-06-29,9187.07,30447.17,21260.10,231.41,1095,67549.14,9066.46,51788.95,76.67,3.50
2020-06-30,2023-06-30,9136.47,30471.06,21334.59,233.51,1095,67549.14,9066.46,51788.95,76.67,3.50
2020-07-01,2023-07-01,9238.89,30590.76,21351.87,231.11,1095,67549.14,9066.46,51788.95,76.67,3.50
2020-07-02,2023-07-02,9092.80,30617.66,21524.86,236.72,1095,67549.14,9066.46,51788.95,76.67,3.50
2020-07-03,2023-07-03,9066.46,31160.24,22093.78,243.69,1095,67549.14,9066.46,51788.95,76.67,3.50
2020-07-04,2023-07-04,9142.20,30774.39,21632.19,236.62,1095,67549.14,9081.44,51788.95,76.67,3.50
2020-07-05,2023-07-05,9081.44,30503.07,21421.63,235.88,1095,67549.14,9081.44,51788.95,76.67,3.50
2020-07-06,2023-07-06,9347.05,29907.98,20560.93,219.97,1095,67549.14,9133.23,51788.95,76.67,3.50
2020-07-07,2023-07-07,9257.32,30349.69,21092.37,227.85,1095,67549.14,9133.23,51788.95,76.67,3.50
2020-07-08,2023-07-08,9439.20,30294.36,20855.16,220.94,1095,67549.14,9133.23,51788.95,76.67,3.50
2020-07-09,2023-07-09,9238.95,30171.49,20932.54,226.57,1095,67549.14,9133.23,51788.95,76.67,3.50
2020-07-10,2023-07-10,9288.57,30421.04,21132.47,227.51,1095,67549.14,9133.23,51788.95,76.67,3.50
2020-07-11,2023-07-11,9237.13,30626.62,21389.49,231.56,1095,67549.14,9133.23,51788.95,76.67,3.50
2020-07-12,2023-07-12,9300.95,30385.22,21084.27,226.69,1095,67549.14,9133.23,51788.95,76.67,3.50
2020-07-13,2023-07-13,9237.89,31475.78,22237.89,240.72,1095,67549.14,9133.23,51788.95,76.67,3.50
2020-07-14,2023-07-14,9256.07,30331.09,21075.02,227.69,1095,67549.14,9133.23,51788.95,76.67,3.51
2020-07-15,2023-07-15,9193.22,30298.45,21105.23,229.57,1095,67549.14,9133.23,51788.95,76.67,3.51
2020-07-16,2023-07-16,9133.23,30248.17,21114.94,231.19,1095,67549.14,9133.23,51788.95,76.67,3.51
2020-07-17,2023-07-17,9156.79,30147.68,20990.89,229.24,1095,67549.14,9156.79,51788.95,76.67,3.51
2020-07-18,2023-07-18,9177.22,29863.79,20686.57,225.41,1095,67549.14,9164.42,51788.95,76.67,3.51
2020-07-19,2023-07-19,9216.02,29918.60,20702.58,224.64,1095,67549.14,9164.42,51788.95,76.67,3.51
2020-07-20,2023-07-20,9164.42,29809.61,20645.19,225.28,1095,67549.14,9164.42,51788.95,76.67,3.51
2020-07-21,2023-07-21,9392.83,29911.46,20518.63,218.45,1095,67549.14,9392.83,51788.95,76.67,3.51
2020-07-22,2023-07-22,9537.24,29791.61,20254.37,212.37,1095,67549.14,9537.24,51788.95,76.67,3.51
2020-07-23,2023-07-23,9615.21,30085.68,20470.47,212.90,1095,67549.14,9550.23,51788.95,76.67,3.51
2020-07-24,2023-07-24,9550.23,29181.04,19630.81,205.55,1095,67549.14,9550.23,51788.95,76.67,3.51
2020-07-25,2023-07-25,9708.41,29226.63,19518.22,201.04,1095,67549.14,9708.41,51788.95,76.67,3.51
2020-07-26,2023-07-26,9942.01,29352.06,19410.05,195.23,1095,67549.14,9942.01,51788.95,76.67,3.51
2020-07-27,2023-07-27,11042.94,29217.05,18174.11,164.58,1095,67549.14,10128.54,51788.95,76.67,3.49
2020-07-28,2023-07-28,10933.26,29316.82,18383.56,168.14,1095,67549.14,10128.54,51788.95,76.67,3.49
2020-07-29,2023-07-29,11112.04,29358.76,18246.72,164.21,1095,67549.14,10128.54,51788.95,76.67,3.49
2020-07-30,2023-07-30,11113.66,29283.34,18169.68,163.49,1095,67549.14,10128.54,51788.95,76.67,3.49
2020-07-31,2023-07-31,11352.72,29231.47,17878.75,157.48,1095,67549.14,10128.54,51788.95,76.67,3.49
2020-08-01,2023-08-01,11812.42,29699.74,17887.32,151.43,1095,67549.14,10128.54,51788.95,76.67,3.49
2020-08-02,2023-08-02,11063.50,29163.69,18100.19,163.60,1095,67549.14,10128.54,51788.95,76.67,3.48
2020-08-03,2023-08-03,11234.73,29177.75,17943.02,159.71,1095,67549.14,10128.54,51788.95,76.67,3.48
2020-08-04,2023-08-04,11194.18,29078.51,17884.33,159.76,1095,67549.14,10128.54,51788.95,76.67,3.48
2020-08-05,2023-08-05,11752.05,29050.34,17298.29,147.19,1095,67549.14,10128.54,51788.95,76.67,3.48
2020-08-06,2023-08-06,11771.27,29046.16,17274.89,146.75,1095,67549.14,10128.54,51788.95,76.67,3.48
2020-08-07,2023-08-07,11603.82,29182.16,17578.34,151.49,1095,67549.14,10128.54,51788.95,76.67,3.48
2020-08-08,2023-08-08,11770.77,29770.51,17999.74,152.92,1095,67549.14,10128.54,51788.95,76.67,3.48
2020-08-09,2023-08-09,11686.34,29566.47,17880.13,153.00,1095,67549.14,10128.54,51788.95,76.67,3.48
2020-08-10,2023-08-10,11897.41,29428.10,17530.69,147.35,1095,67549.14,10128.54,51788.95,76.67,3.48
2020-08-11,2023-08-11,11389.01,29403.56,18014.55,158.17,1095,67549.14,10128.54,51788.95,76.67,3.48
2020-08-12,2023-08-12,11570.19,29417.08,17846.89,154.25,1095,67549.14,10128.54,51788.95,76.67,3.48
2020-08-13,2023-08-13,11790.68,29281.55,17490.87,148.34,1095,67549.14,10128.54,51788.95,76.67,3.48
2020-08-14,2023-08-14,11774.52,29409.22,17634.70,149.77,1095,67549.14,10128.54,51788.95,76.67,3.48
2020-08-15,2023-08-15,11860.91,29171.23,17310.32,145.94,1095,67549.14,10128.54,51788.95,76.67,3.48
2020-08-16,2023-08-16,11917.97,28702.80,16784.83,140.84,1095,67549.14,10128.54,51788.95,76.67,3.48
2020-08-17,2023-08-17,12301.19,26629.67,14328.48,116.48,1095,67549.14,10128.54,51788.95,76.67,3.48
2020-08-18,2023-08-18,11956.69,26049.69,14093.00,117.87,1095,67549.14,10128.54,51788.95,76.67,3.48
2020-08-19,2023-08-19,11760.37,26095.80,14335.43,121.90,1095,67549.14,10128.54,51788.95,76.67,3.48
2020-08-20,2023-08-20,11863.43,26191.01,14327.58,120.77,1095,67549.14,10128.54,51788.95,76.67,3.48
2020-08-21,2023-08-21,11527.35,26126.18,14598.83,126.65,1095,67549.14,10128.54,51788.95,76.67,3.48
2020-08-22,2023-08-22,11670.42,26043.01,14372.59,123.15,1095,67549.14,10128.54,51788.95,76.67,3.48
2020-08-23,2023-08-23,11651.52,26429.40,14777.88,126.83,1095,67549.14,10128.54,51788.95,76.67,3.48
2020-08-24,2023-08-24,11756.40,26166.22,14409.82,122.57,1095,67549.14,10128.54,51788.95,76.67,3.48
2020-08-25,2023-08-25,11330.56,26051.29,14720.73,129.92,1095,67549.14,10128.54,51788.95,76.67,3.48
2020-08-26,2023-08-26,11466.89,26010.35,14543.46,126.83,1095,67549.14,10128.54,51788.95,76.67,3.48
2020-08-27,2023-08-27,11331.02,26091.32,14760.30,130.26,1095,67549.14,10128.54,51788.95,76.67,3.48
2020-08-28,2023-08-28,11535.21,26106.00,14570.79,126.32,1095,67549.14,10128.54,51788.95,76.67,3.48
2020-08-29,2023-08-29,11480.48,27724.41,16243.93,141.49,1095,67549.14,10128.54,51788.95,76.67,3.48
2020-08-30,2023-08-30,11716.54,27305.41,15588.87,133.05,1095,67549.14,10128.54,51788.95,76.67,3.48
2020-08-31,2023-08-31,11657.81,25937.29,14279.48,122.49,1095,67549.14,10128.54,51788.95,76.67,3.49
2020-09-01,2023-09-01,11926.69,25798.79,13872.10,116.31,1095,67549.14,10128.54,51788.95,76.67,3.49
2020-09-02,2023-09-02,11397.90,25868.56,14470.66,126.96,1095,67549.14,10128.54,51788.95,76.67,3.48
2020-09-03,2023-09-03,10174.62,25971.37,15796.75,155.26,1095,67549.14,10128.54,51788.95,76.67,3.47
2020-09-04,2023-09-04,10467.33,25816.24,15348.91,146.64,1095,67549.14,10128.54,51788.95,76.67,3.47
2020-09-05,2023-09-05,10167.97,25785.01,15617.04,153.59,1095,67549.14,10128.54,51788.95,76.67,3.46
2020-09-06,2023-09-06,10260.37,25751.71,15491.34,150.98,1095,67549.14,10128.54,51788.95,76.67,3.46
2020-09-07,2023-09-07,10379.08,26264.75,15885.67,153.05,1095,67549.14,10128.54,51788.95,76.67,3.46
2020-09-08,2023-09-08,10128.54,25907.13,15778.59,155.78,1095,67549.14,10128.54,51788.95,76.67,3.46
2020-09-09,2023-09-09,10228.85,25898.41,15669.56,153.19,1095,67549.14,10228.85,51788.95,76.67,3.46
2020-09-10,2023-09-10,10345.68,25833.67,15487.99,149.70,1095,67549.14,10238.09,51788.95,76.67,3.46
2020-09-11,2023-09-11,10398.50,25157.07,14758.57,141.93,1095,67549.14,10238.09,51788.95,76.67,3.47
2020-09-12,2023-09-12,10448.00,25840.34,15392.34,147.32,1095,67549.14,10238.09,51788.95,76.67,3.47
2020-09-13,2023-09-13,10332.36,26227.49,15895.13,153.84,1095,67549.14,10238.09,51788.95,76.67,3.47
2020-09-14,2023-09-14,10678.31,26533.66,15855.35,148.48,1095,67549.14,10238.09,51788.95,76.67,3.46
2020-09-15,2023-09-15,10786.70,26605.49,15818.79,146.65,1095,67549.14,10238.09,51788.95,76.67,3.46
2020-09-16,2023-09-16,10957.10,26569.13,15612.03,142.48,1095,67549.14,10238.09,51788.95,76.67,3.46
2020-09-17,2023-09-17,10945.14,26533.12,15587.98,142.42,1095,67549.14,10238.09,51788.95,76.67,3.46
2020-09-18,2023-09-18,10937.89,26767.82,15829.93,144.73,1095,67549.14,10238.09,51788.95,76.67,3.46
2020-09-19,2023-09-19,11083.61,27219.02,16135.41,145.58,1095,67549.14,10238.09,51788.95,76.67,3.46
2020-09-20,2023-09-20,10921.85,27126.40,16204.55,148.37,1095,67549.14,10238.09,51788.95,76.67,3.46
2020-09-21,2023-09-21,10418.14,26567.47,16149.33,155.01,1095,67549.14,10238.09,51788.95,76.67,3.46
2020-09-22,2023-09-22,10534.73,26583.16,16048.43,152.34,1095,67549.14,10238.09,51788.95,76.67,3.46
2020-09-23,2023-09-23,10238.09,26585.41,16347.32,159.67,1095,67549.14,10238.09,51788.95,76.67,3.46
2020-09-24,2023-09-24,10742.98,26261.44,15518.46,144.45,1095,67549.14,10552.04,51788.95,76.67,3.46
2020-09-25,2023-09-25,10694.12,26297.93,15603.81,145.91,1095,67549.14,10552.04,51788.95,76.67,3.46
2020-09-26,2023-09-26,10734.23,26212.59,15478.36,144.20,1095,67549.14,10552.04,51788.95,76.67,3.46
2020-09-27,2023-09-27,10781.47,26360.20,15578.73,144.50,1095,67549.14,10552.04,51788.95,76.67,3.46
2020-09-28,2023-09-28,10699.00,27027.20,16328.20,152.61,1095,67549.14,10552.04,51788.95,76.67,3.46
2020-09-29,2023-09-29,10841.29,26909.40,16068.11,148.21,1095,67549.14,10552.04,51788.95,76.67,3.46
2020-09-30,2023-09-30,10779.42,26964.27,16184.85,150.15,1095,67549.14,10552.04,51788.95,76.67,3.46
2020-10-01,2023-10-01,10622.79,27994.51,17371.72,163.53,1095,67549.14,10552.04,51788.95,76.67,3.46
2020-10-02,2023-10-02,10576.64,27507.22,16930.58,160.08,1095,67549.14,10552.04,51788.95,76.67,3.46
2020-10-03,2023-10-03,10552.04,27428.66,16876.62,159.94,1095,67549.14,10552.04,51788.95,76.67,3.46
2020-10-04,2023-10-04,10675.52,27789.80,17114.28,160.31,1095,67549.14,10603.90,51788.95,76.67,3.46
2020-10-05,2023-10-05,10795.11,27414.59,16619.48,153.95,1095,67549.14,10603.90,51788.95,76.67,3.46
2020-10-06,2023-10-06,10603.90,27946.61,17342.71,163.55,1095,67549.14,10603.90,51788.95,76.67,3.46
2020-10-07,2023-10-07,10672.67,27973.69,17301.02,162.11,1095,67549.14,10672.67,51788.95,76.67,3.46
2020-10-08,2023-10-08,10929.40,27933.57,17004.17,155.58,1095,67549.14,10929.40,51788.95,76.67,3.46
2020-10-09,2023-10-09,11058.78,27598.77,16539.99,149.56,1095,67549.14,11058.78,51788.95,76.67,3.46
2020-10-10,2023-10-10,11301.57,27395.40,16093.83,142.40,1095,67549.14,11301.57,51788.95,76.67,3.46
2020-10-11,2023-10-11,11375.51,26871.21,15495.70,136.22,1095,67549.14,11326.25,51788.95,76.67,3.46
2020-10-12,2023-10-12,11539.76,26756.23,15216.47,131.86,1095,67549.14,11326.25,51788.95,76.67,3.46
2020-10-13,2023-10-13,11427.29,26862.90,15435.61,135.08,1095,67549.14,11326.25,51788.95,76.67,3.46
2020-10-14,2023-10-14,11429.30,26854.52,15425.22,134.96,1095,67549.14,11326.25,51788.95,76.67,3.46
2020-10-15,2023-10-15,11508.31,27177.41,15669.10,136.15,1095,67549.14,11326.25,51788.95,76.67,3.46
2020-10-16,2023-10-16,11326.25,28518.37,17192.12,151.79,1095,67549.14,11326.25,51788.95,76.67,3.46
2020-10-17,2023-10-17,11367.65,28409.46,17041.81,149.91,1095,67549.14,11367.65,51788.95,76.67,3.46
2020-10-18,2023-10-18,11513.33,28328.07,16814.74,146.05,1095,67549.14,11513.33,51788.95,76.67,3.46
2020-10-19,2023-10-19,11756.88,28733.78,16976.90,144.40,1095,67549.14,11756.88,51788.95,76.67,3.46
2020-10-20,2023-10-20,11921.78,29684.37,17762.59,148.99,1095,67549.14,11921.78,51788.95,76.67,3.46
2020-10-21,2023-10-21,12813.11,29924.08,17110.97,133.54,1095,67549.14,12813.11,51788.95,76.67,3.46
2020-10-22,2023-10-22,12990.25,30001.44,17011.19,130.95,1095,67549.14,12937.20,51788.95,76.67,3.46
2020-10-23,2023-10-23,12937.20,33084.08,20146.88,155.73,1095,67549.14,12937.20,51788.95,76.67,3.47
2020-10-24,2023-10-24,13126.13,33923.52,20797.39,158.44,1095,67549.14,13041.21,51788.95,76.67,3.47
2020-10-25,2023-10-25,13041.21,34503.40,21462.19,164.57,1095,67549.14,13041.21,51788.95,76.67,3.47
2020-10-26,2023-10-26,13069.43,34157.06,21087.63,161.35,1095,67549.14,13069.43,51788.95,76.67,3.47
2020-10-27,2023-10-27,13646.02,33907.70,20261.68,148.48,1095,67549.14,13285.97,51788.95,76.67,3.47
2020-10-28,2023-10-28,13285.97,34090.05,20804.08,156.59,1095,67549.14,13285.97,51788.95,76.67,3.47
2020-10-29,2023-10-29,13462.18,34535.38,21073.20,156.54,1095,67549.14,13462.18,51788.95,76.67,3.47
2020-10-30,2023-10-30,13565.95,34494.56,20928.61,154.27,1095,67549.14,13565.95,51788.95,76.67,3.47
2020-10-31,2023-10-31,13803.41,34657.73,20854.32,151.08,1095,67549.14,13571.24,51788.95,76.67,3.47
2020-11-01,2023-11-01,13761.72,35439.76,21678.04,157.52,1095,67549.14,13571.24,51788.95,76.67,3.47
2020-11-02,2023-11-02,13571.24,34947.15,21375.91,157.51,1095,67549.14,13571.24,51788.95,76.67,3.47
2020-11-03,2023-11-03,14023.78,34732.28,20708.50,147.67,1095,67549.14,14023.78,51788.95,76.67,3.47
2020-11-04,2023-11-04,14157.73,35086.09,20928.36,147.82,1095,67549.14,14157.73,51788.95,76.67,3.47
2020-11-05,2023-11-05,15599.92,35039.47,19439.55,124.61,1095,67549.14,14838.16,51788.95,76.67,3.45
2020-11-06,2023-11-06,15590.62,35054.59,19463.97,124.84,1095,67549.14,14838.16,51788.95,76.67,3.45
2020-11-07,2023-11-07,14838.16,35421.85,20583.69,138.72,1095,67549.14,14838.16,51788.95,76.67,3.45
2020-11-08,2023-11-08,15488.25,35638.33,20150.08,130.10,1095,67549.14,15313.73,51788.95,76.67,3.45
2020-11-09,2023-11-09,15335.03,36704.14,21369.11,139.35,1095,67549.14,15313.73,51788.95,76.67,3.45
2020-11-10,2023-11-10,15313.73,37321.51,22007.78,143.71,1095,67549.14,15313.73,51788.95,76.67,3.45
2020-11-11,2023-11-11,15707.08,37142.22,21435.14,136.47,1095,67549.14,15707.08,51788.95,76.67,3.45
2020-11-12,2023-11-12,16306.53,37079.76,20773.23,127.39,1095,67549.14,15760.19,51788.95,76.67,3.45
2020-11-13,2023-11-13,16332.85,36482.51,20149.66,123.37,1095,67549.14,15760.19,51788.95,76.67,3.45
2020-11-14,2023-11-14,16075.95,35551.21,19475.26,121.15,1095,67549.14,15760.19,51788.95,76.67,3.45
2020-11-15,2023-11-15,15964.70,37884.19,21919.49,137.30,1095,67549.14,15760.19,51788.95,76.67,3.45
2020-11-16,2023-11-16,16721.46,36162.42,19440.96,116.26,1095,67549.14,15760.19,51788.95,76.67,3.45
2020-11-17,2023-11-17,17681.54,36626.32,18944.78,107.14,1095,67549.14,15760.19,51788.95,76.67,3.45
2020-11-18,2023-11-18,17786.27,36591.19,18804.92,105.73,1095,67549.14,15760.19,51788.95,76.67,3.45
2020-11-19,2023-11-19,17824.64,37388.64,19564.00,109.76,1095,67549.14,15760.19,51788.95,76.67,3.45
2020-11-20,2023-11-20,18672.78,37476.66,18803.88,100.70,1095,67549.14,15760.19,51788.95,76.67,3.45
2020-11-21,2023-11-21,18704.06,35758.72,17054.66,91.18,1095,67549.14,15760.19,51788.95,76.67,3.45
2020-11-22,2023-11-22,18430.59,37424.20,18993.61,103.05,1095,67549.14,15760.19,51788.95,76.67,3.45
2020-11-23,2023-11-23,18385.74,37299.18,18913.44,102.87,1095,67549.14,15760.19,51788.95,76.67,3.45
2020-11-24,2023-11-24,19157.16,37737.05,18579.89,96.99,1095,67549.14,15760.19,51788.95,76.67,3.45
2020-11-25,2023-11-25,18725.76,37801.92,19076.16,101.87,1095,67549.14,15760.19,51788.95,76.67,3.45
2020-11-26,2023-11-26,17175.86,37460.21,20284.35,118.10,1095,67549.14,15760.19,51788.95,76.67,3.44
2020-11-27,2023-11-27,17155.00,37246.29,20091.29,117.12,1095,67549.14,15760.19,51788.95,76.67,3.44
2020-11-28,2023-11-28,17739.90,37836.63,20096.73,113.29,1095,67549.14,15760.19,51788.95,76.67,3.44
2020-11-29,2023-11-29,18199.23,37861.90,19662.67,108.04,1095,67549.14,15760.19,51788.95,76.67,3.44
2020-11-30,2023-11-30,19686.87,37729.58,18042.71,91.65,1095,67549.14,15760.19,51788.95,76.67,3.43
2020-12-01,2023-12-01,18792.03,38699.84,19907.81,105.94,1095,67549.14,15760.19,51788.95,76.67,3.43
2020-12-02,2023-12-02,19226.19,39469.35,20243.16,105.29,1095,67549.14,15760.19,51788.95,76.67,3.43
2020-12-03,2023-12-03,19448.44,39980.93,20532.49,105.57,1095,67549.14,15760.19,51788.95,76.67,3.43
2020-12-04,2023-12-04,18665.00,41984.41,23319.41,124.94,1095,67549.14,15760.19,51788.95,76.67,3.43
2020-12-05,2023-12-05,19156.84,44089.06,24932.22,130.15,1095,67549.14,15760.19,51788.95,76.67,3.43
2020-12-06,2023-12-06,19378.94,43771.01,24392.07,125.87,1095,67549.14,15760.19,51788.95,76.67,3.43
2020-12-07,2023-12-07,19181.41,43285.02,24103.61,125.66,1095,67549.14,15760.19,51788.95,76.67,3.43
2020-12-08,2023-12-08,18323.52,44186.18,25862.66,141.14,1095,67549.14,15760.19,51788.95,76.67,3.43
2020-12-09,2023-12-09,18549.92,43723.00,25173.08,135.70,1095,67549.14,15760.19,51788.95,76.67,3.43
2020-12-10,2023-12-10,18250.47,43791.67,25541.20,139.95,1095,67549.14,15760.19,51788.95,76.67,3.43
2020-12-11,2023-12-11,18034.86,41235.58,23200.72,128.64,1095,67549.14,15760.19,51788.95,76.67,3.43
2020-12-12,2023-12-12,18814.98,41472.94,22657.96,120.43,1095,67549.14,15760.19,51788.95,76.67,3.43
2020-12-13,2023-12-13,19169.05,42887.55,23718.50,123.73,1095,67549.14,15760.19,51788.95,76.67,3.43
2020-12-14,2023-12-14,19274.69,43030.60,23755.91,123.25,1095,67549.14,15760.19,51788.95,76.67,3.43
2020-12-15,2023-12-15,19441.96,41939.16,22497.20,115.71,1095,67549.14,15760.19,51788.95,76.67,3.43
2020-12-16,2023-12-16,21352.13,42243.26,20891.13,97.84,1095,67549.14,15760.19,51788.95,76.67,3.42
2020-12-17,2023-12-17,22822.17,41349.42,18527.25,81.18,1095,67549.14,15760.19,51788.95,76.67,3.41
2020-12-18,2023-12-18,23135.57,42650.27,19514.70,84.35,1095,67549.14,15760.19,51788.95,76.67,3.41
2020-12-19,2023-12-19,23844.72,42268.08,18423.36,77.26,1095,67549.14,15760.19,51788.95,76.67,3.41
2020-12-20,2023-12-20,23467.06,43669.91,20202.85,86.09,1095,67549.14,15760.19,51788.95,76.67,3.41
2020-12-21,2023-12-21,22727.13,43875.01,21147.88,93.05,1095,67549.14,15760.19,51788.95,76.67,3.41
2020-12-22,2023-12-22,23823.32,44008.04,20184.72,84.73,1095,67549.14,15760.19,51788.95,76.67,3.41
2020-12-23,2023-12-23,23239.50,43732.75,20493.25,88.18,1095,67549.14,15760.19,51788.95,76.67,3.41
2020-12-24,2023-12-24,23724.20,43023.12,19298.92,81.35,1095,67549.14,15760.19,51788.95,76.67,3.41
2020-12-25,2023-12-25,24707.98,43593.79,18885.81,76.44,1095,67549.14,15760.19,51788.95,76.67,3.41
2020-12-26,2023-12-26,26445.70,42517.32,16071.62,60.77,1095,67549.14,15760.19,51788.95,76.67,3.40
2020-12-27,2023-12-27,26249.27,43469.34,17220.07,65.60,1095,67549.14,15760.19,51788.95,76.67,3.40
2020-12-28,2023-12-28,27039.45,42588.94,15549.49,57.51,1095,67549.14,15760.19,51788.95,76.67,3.40
2020-12-29,2023-12-29,27360.78,42073.59,14712.81,53.77,1095,67549.14,15760.19,51788.95,76.67,3.40
2020-12-30,2023-12-30,28889.61,42146.03,13256.42,45.89,1095,67549.14,15760.19,51788.95,76.67,3.40
2020-12-31,2023-12-31,28972.40,42280.14,13307.74,45.93,1095,67549.14,15760.19,51788.95,76.67,3.40
2021-01-01,2024-01-01,29388.94,44197.61,14808.67,50.39,1095,67549.14,15760.19,51788.95,76.67,3.40
2021-01-02,2024-01-02,32203.64,44970.34,12766.70,39.64,1095,67549.14,15760.19,51788.95,76.67,3.39
2021-01-03,2024-01-03,33063.48,42854.08,9790.60,29.61,1095,67549.14,15760.19,51788.95,76.67,3.39
2021-01-04,2024-01-04,32030.55,44194.38,12163.83,37.98,1095,67549.14,15760.19,51788.95,76.67,3.39
2021-01-05,2024-01-05,34038.29,44178.89,10140.60,29.79,1095,67549.14,15760.19,51788.95,76.67,3.38
2021-01-06,2024-01-06,36849.86,43988.33,7138.47,19.37,1095,67549.14,15760.19,51788.95,76.67,3.38
2021-01-07,2024-01-07,39479.41,43950.84,4471.43,11.33,1095,67549.14,15760.19,51788.95,76.67,3.37
2021-01-08,2024-01-08,40636.24,46988.14,6351.90,15.63,1095,67549.14,15760.19,51788.95,76.67,3.37
2021-01-09,2024-01-09,40236.66,46123.00,5886.34,14.63,1095,67549.14,15760.19,51788.95,76.67,3.37
2021-01-10,2024-01-10,38202.08,46667.48,8465.40,22.16,1095,67549.14,15760.19,51788.95,76.67,3.37
2021-01-11,2024-01-11,35496.03,46353.15,10857.12,30.59,1095,67549.14,15760.19,51788.95,76.67,3.36
2021-01-12,2024-01-12,34058.40,42776.42,8718.02,25.60,1095,67549.14,15760.19,51788.95,76.67,3.37
2021-01-13,2024-01-13,37380.85,42839.19,5458.34,14.60,1095,67549.14,15760.19,51788.95,76.67,3.36
2021-01-14,2024-01-14,39155.58,41704.39,2548.81,6.51,1095,67549.14,15760.19,51788.95,76.67,3.36
2021-01-15,2024-01-15,36790.17,42491.26,5701.09,15.50,1095,67549.14,15760.19,51788.95,76.67,3.35
2021-01-16,2024-01-16,36025.26,43130.88,7105.62,19.72,1095,67549.14,15760.19,51788.95,76.67,3.35
2021-01-17,2024-01-17,35839.51,42739.27,6899.76,19.25,1095,67549.14,15760.19,51788.95,76.67,3.35
2021-01-18,2024-01-18,36623.04,41286.68,4663.64,12.73,1095,67549.14,15760.19,51788.95,76.67,3.35
2021-01-19,2024-01-19,35932.79,41625.47,5692.68,15.84,1095,67549.14,15760.19,51788.95,76.67,3.35
2021-01-20,2024-01-20,35501.38,41677.08,6175.70,17.40,1095,67549.14,15760.19,51788.95,76.67,3.35
2021-01-21,2024-01-21,30840.30,41570.17,10729.87,34.79,1095,67549.14,15760.19,51788.95,76.67,3.33
2021-01-22,2024-01-22,33008.02,39523.63,6515.61,19.74,1095,67549.14,15760.19,51788.95,76.67,3.32
2021-01-23,2024-01-23,32107.29,39876.44,7769.15,24.20,1095,67549.14,15760.19,51788.95,76.67,3.32
2021-01-24,2024-01-24,32283.66,40078.62,7794.96,24.15,1095,67549.14,15760.19,51788.95,76.67,3.32
2021-01-25,2024-01-25,32275.27,39941.74,7666.47,23.75,1095,67549.14,15760.19,51788.95,76.67,3.32
2021-01-26,2024-01-26,32516.52,41816.55,9300.03,28.60,1095,67549.14,15760.19,51788.95,76.67,3.33
2021-01-27,2024-01-27,30423.05,42124.02,11700.97,38.46,1095,67549.14,15760.19,51788.95,76.67,3.32
2021-01-28,2024-01-28,33443.87,42028.92,8585.05,25.67,1095,67549.14,15760.19,51788.95,76.67,3.31
2021-01-29,2024-01-29,34252.08,43302.28,9050.20,26.42,1095,67549.14,15760.19,51788.95,76.67,3.31
2021-01-30,2024-01-30,34317.82,42943.64,8625.82,25.14,1095,67549.14,15760.19,51788.95,76.67,3.31
2021-01-31,2024-01-31,33143.22,42555.08,9411.86,28.40,1095,67549.14,15760.19,51788.95,76.67,3.31
2021-02-01,2024-02-01,33535.94,43073.20,9537.26,28.44,1095,67549.14,15760.19,51788.95,76.67,3.31
2021-02-02,2024-02-02,35524.43,43181.71,7657.28,21.55,1095,67549.14,15760.19,51788.95,76.67,3.30
2021-02-03,2024-02-03,37677.34,42999.52,5322.18,14.13,1095,67549.14,15760.19,51788.95,76.67,3.30
2021-02-04,2024-02-04,36983.42,42570.21,5586.79,15.11,1095,67549.14,15760.19,51788.95,76.67,3.30
2021-02-05,2024-02-05,38310.24,42664.56,4354.32,11.37,1095,67549.14,15760.19,51788.95,76.67,3.29
2021-02-06,2024-02-06,39267.01,43091.51,3824.50,9.74,1095,67549.14,15760.19,51788.95,76.67,3.29
2021-02-07,2024-02-07,38868.82,44339.04,5470.22,14.07,1095,67549.14,15760.19,51788.95,76.67,3.29
2021-02-08,2024-02-08,46437.41,45304.61,-1132.80,-2.44,1095,67549.14,15760.19,51788.95,76.67,3.24
2021-02-09,2024-02-09,46509.57,47154.23,644.66,1.39,1095,67549.14,15760.19,51788.95,76.67,3.24
2021-02-10,2024-02-10,44854.95,47768.12,2913.17,6.49,1095,67549.14,15760.19,51788.95,76.67,3.24
2021-02-11,2024-02-11,48006.18,48311.16,304.98,0.64,1095,67549.14,15760.19,51788.95,76.67,3.24
2021-02-12,2024-02-12,47435.54,49942.97,2507.43,5.29,1095,67549.14,15760.19,51788.95,76.67,3.24
2021-02-13,2024-02-13,47222.32,49733.11,2510.79,5.32,1095,67549.14,15760.19,51788.95,76.67,3.24
2021-02-14,2024-02-14,48652.87,51844.19,3191.32,6.56,1095,67549.14,15760.19,51788.95,76.67,3.24
2021-02-15,2024-02-15,47936.51,51934.57,3998.06,8.34,1095,67549.14,15760.19,51788.95,76.67,3.24
2021-02-16,2024-02-16,49184.63,52163.28,2978.65,6.06,1095,67549.14,15760.19,51788.95,76.67,3.24
2021-02-17,2024-02-17,52154.91,51668.78,-486.13,-0.93,1095,67549.14,15760.19,51788.95,76.67,3.23
2021-02-18,2024-02-18,51591.61,52139.33,547.72,1.06,1095,67549.14,15760.19,51788.95,76.67,3.23
2021-02-19,2024-02-19,55933.47,51781.22,-4152.25,-7.42,1095,67549.14,15760.19,51788.95,76.67,3.22
2021-02-20,2024-02-20,55900.84,52269.59,-3631.25,-6.50,1095,67549.14,15760.19,51788.95,76.67,3.22
2021-02-21,2024-02-21,57469.95,51854.36,-5615.59,-9.77,1095,67549.14,15760.19,51788.95,76.67,3.22
2021-02-22,2024-02-22,54121.17,51263.67,-2857.50,-5.28,1095,67549.14,15760.19,51788.95,76.67,3.22
2021-02-23,2024-02-23,48898.70,50744.07,1845.37,3.77,1095,67549.14,15760.19,51788.95,76.67,3.20
2021-02-24,2024-02-24,49738.17,51574.61,1836.44,3.69,1095,67549.14,15760.19,51788.95,76.67,3.20
2021-02-25,2024-02-25,47082.87,51727.63,4644.76,9.87,1095,67549.14,15760.19,51788.95,76.67,3.20
2021-02-26,2024-02-26,46324.50,54518.58,8194.08,17.69,1095,67549.14,15760.19,51788.95,76.67,3.20
2021-02-27,2024-02-27,46191.39,57071.60,10880.21,23.55,1095,67549.14,15760.19,51788.95,76.67,3.21
2021-02-28,2024-02-28,45261.03,62507.10,17246.07,38.10,1095,67549.14,15760.19,51788.95,76.67,3.22
2021-03-01,2024-02-29,49635.07,61179.58,11544.51,23.26,1095,67549.14,15760.19,51788.95,76.67,3.21
2021-03-02,2024-03-01,48501.21,62431.25,13930.04,28.72,1095,67549.14,15760.19,51788.95,76.67,3.21
2021-03-03,2024-03-02,50392.55,62038.39,11645.84,23.11,1095,67549.14,15760.19,51788.95,76.67,3.20
2021-03-04,2024-03-03,48363.74,63149.43,14785.69,30.57,1095,67549.14,15760.19,51788.95,76.67,3.20
2021-03-05,2024-03-04,48775.37,68338.64,19563.27,40.11,1095,68338.64,15760.19,51788.95,76.67,3.21
2021-03-06,2024-03-05,48892.80,63804.11,14911.31,30.50,1095,68338.64,15760.19,51788.95,76.67,3.22
2021-03-07,2024-03-06,50964.18,66115.57,15151.39,29.73,1095,68338.64,15760.19,51788.95,76.67,3.22
2021-03-08,2024-03-07,52405.02,66928.15,14523.13,27.71,1095,68338.64,15760.19,51788.95,76.67,3.22
2021-03-09,2024-03-08,54928.70,68269.39,13340.69,24.29,1095,68338.64,15760.19,51788.95,76.67,3.21
2021-03-10,2024-03-09,55893.31,68446.32,12553.01,22.46,1095,68446.32,15760.19,51788.95,76.67,3.21
2021-03-11,2024-03-10,57809.41,69023.53,11214.12,19.40,1095,69023.53,15760.19,51788.95,76.67,3.21
2021-03-12,2024-03-11,57256.22,72095.86,14839.64,25.92,1095,72095.86,15760.19,51788.95,76.67,3.21
2021-03-13,2024-03-12,61179.79,71449.50,10269.71,16.79,1095,72095.86,15760.19,51788.95,76.67,3.21
2021-03-14,2024-03-13,58998.89,73118.09,14119.20,23.93,1095,73118.09,15760.19,51788.95,76.67,3.21
2021-03-15,2024-03-14,55665.01,71366.96,15701.95,28.21,1095,73118.09,15760.19,51788.95,76.67,3.20
2021-03-16,2024-03-15,56925.01,69497.39,12572.38,22.09,1095,73118.09,15760.19,51788.95,76.67,3.20
2021-03-17,2024-03-16,58909.00,65260.55,6351.55,10.78,1095,73118.09,15760.19,51788.95,76.67,3.21
2021-03-18,2024-03-17,57643.32,68364.45,10721.13,18.60,1095,73118.09,15760.19,51788.95,76.67,3.21
2021-03-19,2024-03-18,58060.21,67609.44,9549.23,16.45,1095,73118.09,15760.19,51788.95,76.67,3.21
2021-03-20,2024-03-19,58101.34,61924.02,3822.68,6.58,1095,73118.09,15760.19,51788.95,76.67,3.22
2021-03-21,2024-03-20,57374.95,67857.30,10482.35,18.27,1095,73118.09,15760.19,51788.95,76.67,3.23
2021-03-22,2024-03-21,54095.36,65493.22,11397.86,21.07,1095,73118.09,15760.19,51788.95,76.67,3.23
2021-03-23,2024-03-22,54355.45,63816.99,9461.54,17.41,1095,73118.09,15760.19,51788.95,76.67,3.23
2021-03-24,2024-03-23,52303.02,64004.42,11701.40,22.37,1095,73118.09,15760.19,51788.95,76.67,3.23
2021-03-25,2024-03-24,51336.09,67208.33,15872.24,30.92,1095,73118.09,15760.19,51788.95,76.67,3.23
2021-03-26,2024-03-25,55055.43,69892.26,14836.83,26.95,1095,73118.09,15760.19,51788.95,76.67,3.23
2021-03-27,2024-03-26,55863.73,69990.22,14126.49,25.29,1095,73118.09,15760.19,51788.95,76.67,3.23
2021-03-28,2024-03-27,55781.01,69434.46,13653.45,24.48,1095,73118.09,15760.19,51788.95,76.67,3.23
2021-03-29,2024-03-28,57626.10,70789.57,13163.47,22.84,1095,73118.09,15760.19,51788.95,76.67,3.22
2021-03-30,2024-03-29,58781.54,69903.72,11122.18,18.92,1095,73118.09,15760.19,51788.95,76.67,3.22
2021-03-31,2024-03-30,58793.80,69629.99,10836.19,18.43,1095,73118.09,15760.19,51788.95,76.67,3.22
2021-04-01,2024-03-31,58730.82,71312.91,12582.09,21.42,1095,73118.09,15760.19,51788.95,76.67,3.23
2021-04-02,2024-04-01,58987.80,69686.37,10698.57,18.14,1095,73118.09,15760.19,51788.95,76.67,3.23
2021-04-03,2024-04-02,57074.97,65466.81,8391.84,14.70,1095,73118.09,15760.19,51788.95,76.67,3.23
2021-04-04,2024-04-03,58219.43,65986.11,7766.68,13.34,1095,73118.09,15760.19,51788.95,76.67,3.23
2021-04-05,2024-04-04,59119.56,68523.79,9404.23,15.91,1095,73118.09,15760.19,51788.95,76.67,3.23
2021-04-06,2024-04-05,58010.35,67860.53,9850.18,16.98,1095,73118.09,15760.19,51788.95,76.67,3.23
2021-04-07,2024-04-06,55951.98,68913.79,12961.81,23.17,1095,73118.09,15760.19,51788.95,76.67,3.23
2021-04-08,2024-04-07,58084.46,69357.32,11272.86,19.41,1095,73118.09,15760.19,51788.95,76.67,3.23
2021-04-09,2024-04-08,58106.85,71629.36,13522.51,23.27,1095,73118.09,15760.19,51788.95,76.67,3.23
2021-04-10,2024-04-09,59784.80,69129.48,9344.68,15.63,1095,73118.09,15760.19,51788.95,76.67,3.23
2021-04-11,2024-04-10,59980.45,70628.54,10648.09,17.75,1095,73118.09,15760.19,51788.95,76.67,3.23
2021-04-12,2024-04-11,59845.76,70026.43,10180.67,17.01,1095,73118.09,15760.19,51788.95,76.67,3.23
2021-04-13,2024-04-12,63558.48,67158.30,3599.82,5.66,1095,73118.09,15760.19,51788.95,76.67,3.23
2021-04-14,2024-04-13,62964.27,64021.36,1057.09,1.68,1095,73118.09,15760.19,51788.95,76.67,3.23
2021-04-15,2024-04-14,63233.03,65765.64,2532.61,4.01,1095,73118.09,15760.19,51788.95,76.67,3.23
2021-04-16,2024-04-15,61416.41,63447.27,2030.86,3.31,1095,73118.09,15760.19,51788.95,76.67,3.23
2021-04-17,2024-04-16,60056.07,63824.70,3768.63,6.28,1095,73118.09,15760.19,51788.95,76.67,3.23
2021-04-18,2024-04-17,56246.82,61283.74,5036.92,8.96,1095,73118.09,15760.19,51788.95,76.67,3.23
2021-04-19,2024-04-18,55680.11,63511.20,7831.09,14.06,1095,73118.09,15760.19,51788.95,76.67,3.23
2021-04-20,2024-04-19,56496.06,63848.26,7352.20,13.01,1095,73118.09,15760.19,51788.95,76.67,3.23
2021-04-21,2024-04-20,53803.25,64979.21,11175.96,20.77,1095,73118.09,15760.19,51788.95,76.67,3.23
2021-04-22,2024-04-21,51717.61,64955.82,13238.21,25.60,1095,73118.09,15760.19,51788.95,76.67,3.22
2021-04-23,2024-04-22,51178.03,66854.24,15676.21,30.63,1095,73118.09,15760.19,51788.95,76.67,3.22
2021-04-24,2024-04-23,50115.99,66415.06,16299.07,32.52,1095,73118.09,15760.19,51788.95,76.67,3.22
2021-04-25,2024-04-24,49120.97,64263.95,15142.98,30.83,1095,73118.09,15760.19,51788.95,76.67,3.23
2021-04-26,2024-04-25,54062.29,64488.49,10426.20,19.29,1095,73118.09,15760.19,51788.95,76.67,3.21
2021-04-27,2024-04-26,55073.48,63750.63,8677.15,15.76,1095,73118.09,15760.19,51788.95,76.67,3.21
2021-04-28,2024-04-27,54877.94,63434.44,8556.50,15.59,1095,73118.09,15760.19,51788.95,76.67,3.21
2021-04-29,2024-04-28,53581.58,63111.34,9529.76,17.79,1095,73118.09,15760.19,51788.95,76.67,3.21
2021-04-30,2024-04-29,57757.97,63847.54,6089.57,10.54,1095,73118.09,15760.19,51788.95,76.67,3.20
2021-05-01,2024-04-30,57843.16,60633.97,2790.81,4.82,1095,73118.09,15760.19,51788.95,76.67,3.21
2021-05-02,2024-05-01,56623.51,58277.44,1653.93,2.92,1095,73118.09,15760.19,51788.95,76.67,3.21
2021-05-03,2024-05-02,57195.07,59083.85,1888.78,3.30,1095,73118.09,15760.19,51788.95,76.67,3.21
2021-05-04,2024-05-03,53244.07,62917.45,9673.38,18.17,1095,73118.09,15760.19,51788.95,76.67,3.21
2021-05-05,2024-05-04,57506.88,63904.51,6397.63,11.12,1095,73118.09,15760.19,51788.95,76.67,3.20
2021-05-06,2024-05-05,56441.94,64037.50,7595.56,13.46,1095,73118.09,15760.19,51788.95,76.67,3.20
2021-05-07,2024-05-06,57374.33,63168.44,5794.11,10.10,1095,73118.09,15760.19,51788.95,76.67,3.20
2021-05-08,2024-05-07,58943.13,62323.36,3380.23,5.73,1095,73118.09,15760.19,51788.95,76.67,3.20
2021-05-09,2024-05-08,58294.18,61179.81,2885.63,4.95,1095,73118.09,15760.19,51788.95,76.67,3.20
2021-05-10,2024-05-09,55870.01,63077.18,7207.17,12.90,1095,73118.09,15760.19,51788.95,76.67,3.20
2021-05-11,2024-05-10,56747.52,60790.82,4043.30,7.13,1095,73118.09,15760.19,51788.95,76.67,3.20
2021-05-12,2024-05-11,49504.08,60823.19,11319.11,22.87,1095,73118.09,15760.19,51788.95,76.67,3.17
2021-05-13,2024-05-12,49700.60,61459.22,11758.62,23.66,1095,73118.09,15760.19,51788.95,76.67,3.17
2021-05-14,2024-05-13,49887.96,62932.29,13044.33,26.15,1095,73118.09,15760.19,51788.95,76.67,3.17
2021-05-15,2024-05-14,46775.29,61548.48,14773.19,31.58,1095,73118.09,15760.19,51788.95,76.67,3.17
2021-05-16,2024-05-15,46490.71,66245.16,19754.45,42.49,1095,73118.09,15760.19,51788.95,76.67,3.18
2021-05-17,2024-05-16,43552.14,65250.53,21698.39,49.82,1095,73118.09,15760.19,51788.95,76.67,3.17
2021-05-18,2024-05-17,42886.02,67051.35,24165.33,56.35,1095,73118.09,15760.19,51788.95,76.67,3.17
2021-05-19,2024-05-18,36771.87,66927.56,30155.69,82.01,1095,73118.09,15760.19,51788.95,76.67,3.14
2021-05-20,2024-05-19,40597.40,66268.25,25670.85,63.23,1095,73118.09,15760.19,51788.95,76.67,3.13
2021-05-21,2024-05-20,37350.39,71430.23,34079.84,91.24,1095,73118.09,15760.19,51788.95,76.67,3.13
2021-05-22,2024-05-21,37491.50,70141.17,32649.67,87.09,1095,73118.09,15760.19,51788.95,76.67,3.13
2021-05-23,2024-05-22,34716.84,69123.56,34406.72,99.11,1095,73118.09,15760.19,51788.95,76.67,3.12
2021-05-24,2024-05-23,38837.76,67946.35,29108.59,74.95,1095,73118.09,15760.19,51788.95,76.67,3.10
2021-05-25,2024-05-24,38387.36,68548.33,30160.97,78.57,1095,73118.09,15760.19,51788.95,76.67,3.10
2021-05-26,2024-05-25,39295.08,69288.95,29993.87,76.33,1095,73118.09,15760.19,51788.95,76.67,3.10
2021-05-27,2024-05-26,38538.84,68488.29,29949.45,77.71,1095,73118.09,15760.19,51788.95,76.67,3.10
2021-05-28,2024-05-27,35680.92,69386.83,33705.91,94.46,1095,73118.09,15760.19,51788.95,76.67,3.09
2021-05-29,2024-05-28,34611.58,68330.84,33719.26,97.42,1095,73118.09,15760.19,51788.95,76.67,3.09
2021-05-30,2024-05-29,35662.59,67576.81,31914.22,89.49,1095,73118.09,15760.19,51788.95,76.67,3.09
2021-05-31,2024-05-30,37290.83,68346.19,31055.36,83.28,1095,73118.09,15760.19,51788.95,76.67,3.08
2021-06-01,2024-05-31,36683.51,67482.25,30798.74,83.96,1095,73118.09,15760.19,51788.95,76.67,3.08
2021-06-02,2024-06-01,37576.98,67721.60,30144.62,80.22,1095,73118.09,15760.19,51788.95,76.67,3.08
2021-06-03,2024-06-02,39229.66,67738.74,28509.08,72.67,1095,73118.09,15760.19,51788.95,76.67,3.08
2021-06-04,2024-06-03,36861.50,68799.60,31938.10,86.64,1095,73118.09,15760.19,51788.95,76.67,3.08
2021-06-05,2024-06-04,35538.40,70548.51,35010.11,98.51,1095,73118.09,15760.19,51788.95,76.67,3.07
2021-06-06,2024-06-05,35798.57,71117.68,35319.11,98.66,1095,73118.09,15760.19,51788.95,76.67,3.07
2021-06-07,2024-06-06,33582.86,70772.35,37189.49,110.74,1095,73118.09,15760.19,51788.95,76.67,3.07
2021-06-08,2024-06-07,33409.38,69330.51,35921.13,107.52,1095,73118.09,15760.19,51788.95,76.67,3.07
2021-06-09,2024-06-08,37391.58,69303.58,31912.00,85.35,1095,73118.09,15760.19,51788.95,76.67,3.05
2021-06-10,2024-06-09,36680.78,69639.42,32958.64,89.85,1095,73118.09,15760.19,51788.95,76.67,3.05
2021-06-11,2024-06-10,37339.98,69505.57,32165.59,86.14,1095,73118.09,15760.19,51788.95,76.67,3.05
2021-06-12,2024-06-11,35541.78,67319.41,31777.63,89.41,1095,73118.09,15760.19,51788.95,76.67,3.05
2021-06-13,2024-06-12,39017.37,68247.00,29229.63,74.91,1095,73118.09,15760.19,51788.95,76.67,3.03
2021-06-14,2024-06-13,40526.63,66742.54,26215.91,64.69,1095,73118.09,15760.19,51788.95,76.67,3.03
2021-06-15,2024-06-14,40161.86,66006.13,25844.27,64.35,1095,73118.09,15760.19,51788.95,76.67,3.03
2021-06-16,2024-06-15,38345.41,66188.81,27843.40,72.61,1095,73118.09,15760.19,51788.95,76.67,3.03
2021-06-17,2024-06-16,38082.30,66631.59,28549.29,74.97,1095,73118.09,15760.19,51788.95,76.67,3.03
2021-06-18,2024-06-17,35830.29,66481.73,30651.44,85.55,1095,73118.09,15760.19,51788.95,76.67,3.02
2021-06-19,2024-06-18,35515.38,65158.02,29642.64,83.46,1095,73118.09,15760.19,51788.95,76.67,3.02
2021-06-20,2024-06-19,35602.26,64950.82,29348.56,82.43,1095,73118.09,15760.19,51788.95,76.67,3.02
2021-06-21,2024-06-20,31652.62,64847.89,33195.27,104.87,1095,73118.09,15760.19,51788.95,76.67,3.00
2021-06-22,2024-06-21,32537.58,64119.34,31581.76,97.06,1095,73118.09,15760.19,51788.95,76.67,3.00
2021-06-23,2024-06-22,33678.64,64250.18,30571.54,90.77,1095,73118.09,15760.19,51788.95,76.67,3.00
2021-06-24,2024-06-23,34649.84,63181.02,28531.18,82.34,1095,73118.09,15760.19,51788.95,76.67,3.00
2021-06-25,2024-06-24,31593.86,60270.95,28677.09,90.77,1095,73118.09,15760.19,51788.95,76.67,2.99
2021-06-26,2024-06-25,32307.35,61796.56,29489.21,91.28,1095,73118.09,15760.19,51788.95,76.67,2.99
2021-06-27,2024-06-26,34713.81,60824.43,26110.62,75.22,1095,73118.09,15760.19,51788.95,76.67,2.98
2021-06-28,2024-06-27,34487.11,61630.10,27142.99,78.70,1095,73118.09,15760.19,51788.95,76.67,2.98
2021-06-29,2024-06-28,35901.41,60324.30,24422.89,68.03,1095,73118.09,15760.19,51788.95,76.67,2.98
2021-06-30,2024-06-29,35056.39,60905.30,25848.91,73.74,1095,73118.09,15760.19,51788.95,76.67,2.98
2021-07-01,2024-06-30,33543.11,62685.88,29142.77,86.88,1095,73118.09,15760.19,51788.95,76.67,2.98
2021-07-02,2024-07-01,33804.54,62841.27,29036.73,85.90,1095,73118.09,15760.19,51788.95,76.67,2.98
2021-07-03,2024-07-02,34682.84,62044.48,27361.64,78.89,1095,73118.09,15760.19,51788.95,76.67,2.98
2021-07-04,2024-07-03,35287.97,60157.20,24869.23,70.48,1095,73118.09,15760.19,51788.95,76.67,2.98
2021-07-05,2024-07-04,33702.79,57041.11,23338.32,69.25,1095,73118.09,15760.19,51788.95,76.67,2.98
2021-07-06,2024-07-05,34237.66,56646.24,22408.58,65.45,1095,73118.09,15760.19,51788.95,76.67,2.98
2021-07-07,2024-07-06,33880.79,58255.65,24374.86,71.94,1095,73118.09,15760.19,51788.95,76.67,2.98
2021-07-08,2024-07-07,32874.01,55866.60,22992.59,69.94,1095,73118.09,15760.19,51788.95,76.67,2.98
2021-07-09,2024-07-08,33804.20,56709.76,22905.56,67.76,1095,73118.09,15760.19,51788.95,76.67,2.98
2021-07-10,2024-07-09,33515.13,58047.20,24532.07,73.20,1095,73118.09,15760.19,51788.95,76.67,2.98
2021-07-11,2024-07-10,34249.30,57725.78,23476.48,68.55,1095,73118.09,15760.19,51788.95,76.67,2.98
2021-07-12,2024-07-11,33088.51,57348.75,24260.24,73.32,1095,73118.09,15760.19,51788.95,76.67,2.98
2021-07-13,2024-07-12,32737.47,57913.68,25176.21,76.90,1095,73118.09,15760.19,51788.95,76.67,2.98
2021-07-14,2024-07-13,32820.50,59231.06,26410.56,80.47,1095,73118.09,15760.19,51788.95,76.67,2.98
2021-07-15,2024-07-14,31867.46,60818.77,28951.31,90.85,1095,73118.09,15760.19,51788.95,76.67,2.98
2021-07-16,2024-07-15,31401.76,64765.55,33363.79,106.25,1095,73118.09,15760.19,51788.95,76.67,2.99
2021-07-17,2024-07-16,31546.64,65087.61,33540.97,106.32,1095,73118.09,15760.19,51788.95,76.67,2.99
2021-07-18,2024-07-17,31806.30,64096.64,32290.34,101.52,1095,73118.09,15760.19,51788.95,76.67,2.99
2021-07-19,2024-07-18,30847.55,63981.43,33133.88,107.41,1095,73118.09,15760.19,51788.95,76.67,2.99
2021-07-20,2024-07-19,29795.55,66708.49,36912.94,123.89,1095,73118.09,15760.19,51788.95,76.67,2.99
2021-07-21,2024-07-20,32139.48,67163.86,35024.38,108.98,1095,73118.09,15760.19,51788.95,76.67,2.98
2021-07-22,2024-07-21,32299.47,68176.98,35877.51,111.08,1095,73118.09,15760.19,51788.95,76.67,2.98
2021-07-23,2024-07-22,33637.92,67567.71,33929.79,100.87,1095,73118.09,15760.19,51788.95,76.67,2.97
2021-07-24,2024-07-23,34282.56,65939.83,31657.27,92.34,1095,73118.09,15760.19,51788.95,76.67,2.98
2021-07-25,2024-07-24,35369.93,65375.53,30005.60,84.83,1095,73118.09,15760.19,51788.95,76.67,2.97
2021-07-26,2024-07-25,37269.52,65794.00,28524.48,76.54,1095,73118.09,15760.19,51788.95,76.67,2.97
2021-07-27,2024-07-26,39496.69,67925.17,28428.48,71.98,1095,73118.09,15760.19,51788.95,76.67,2.97
2021-07-28,2024-07-27,40030.01,67904.55,27874.54,69.63,1095,73118.09,15760.19,51788.95,76.67,2.97
2021-07-29,2024-07-28,40030.52,68252.75,28222.23,70.50,1095,73118.09,15760.19,51788.95,76.67,2.97
2021-07-30,2024-07-29,42231.83,66782.78,24550.95,58.13,1095,73118.09,15760.19,51788.95,76.67,2.96
2021-07-31,2024-07-30,41474.72,66180.04,24705.32,59.57,1095,73118.09,15760.19,51788.95,76.67,2.96
2021-08-01,2024-07-31,39870.76,64617.83,24747.07,62.07,1095,73118.09,15760.19,51788.95,76.67,2.96
2021-08-02,2024-08-01,39158.53,65300.21,26141.68,66.76,1095,73118.09,15760.19,51788.95,76.67,2.96
2021-08-03,2024-08-02,38189.30,61422.30,23233.00,60.84,1095,73118.09,15760.19,51788.95,76.67,2.96
2021-08-04,2024-08-03,39738.56,60679.28,20940.72,52.70,1095,73118.09,15760.19,51788.95,76.67,2.96
2021-08-05,2024-08-04,40888.18,58135.89,17247.71,42.18,1095,73118.09,15760.19,51788.95,76.67,2.96
2021-08-06,2024-08-05,42852.18,54031.82,11179.64,26.09,1095,73118.09,15760.19,51788.95,76.67,2.97
2021-08-07,2024-08-06,44617.96,56057.67,11439.71,25.64,1095,73118.09,15760.19,51788.95,76.67,2.97
2021-08-08,2024-08-07,43827.75,55130.45,11302.70,25.79,1095,73118.09,15760.19,51788.95,76.67,2.97
2021-08-09,2024-08-08,46292.61,61708.53,15415.92,33.30,1095,73118.09,15760.19,51788.95,76.67,2.98
2021-08-10,2024-08-09,45601.03,60868.88,15267.85,33.48,1095,73118.09,15760.19,51788.95,76.67,2.98
2021-08-11,2024-08-10,45556.69,60940.82,15384.13,33.77,1095,73118.09,15760.19,51788.95,76.67,2.98
2021-08-12,2024-08-11,44425.52,58725.00,14299.48,32.19,1095,73118.09,15760.19,51788.95,76.67,2.99
2021-08-13,2024-08-12,47832.93,59360.89,11527.96,24.10,1095,73118.09,15760.19,51788.95,76.67,2.98
2021-08-14,2024-08-13,47102.03,60609.73,13507.70,28.68,1095,73118.09,15760.19,51788.95,76.67,2.98
2021-08-15,2024-08-14,47015.94,58698.05,11682.11,24.85,1095,73118.09,15760.19,51788.95,76.67,2.98
2021-08-16,2024-08-15,45927.40,57552.92,11625.52,25.31,1095,73118.09,15760.19,51788.95,76.67,2.98
2021-08-17,2024-08-16,44684.43,58893.67,14209.24,31.80,1095,73118.09,15760.19,51788.95,76.67,2.98
2021-08-18,2024-08-17,44714.54,59497.94,14783.40,33.06,1095,73118.09,15760.19,51788.95,76.67,2.98
2021-08-19,2024-08-18,46761.49,58439.22,11677.73,24.97,1095,73118.09,15760.19,51788.95,76.67,2.98
2021-08-20,2024-08-19,49336.45,59464.41,10127.96,20.53,1095,73118.09,15760.19,51788.95,76.67,2.97
2021-08-21,2024-08-20,48867.87,59027.55,10159.68,20.79,1095,73118.09,15760.19,51788.95,76.67,2.97
2021-08-22,2024-08-21,49289.71,61170.80,11881.09,24.10,1095,73118.09,15760.19,51788.95,76.67,2.97
2021-08-23,2024-08-22,49521.06,60387.29,10866.23,21.94,1095,73118.09,15760.19,51788.95,76.67,2.97
2021-08-24,2024-08-23,47690.54,64087.80,16397.26,34.38,1095,73118.09,15760.19,51788.95,76.67,2.98
2021-08-25,2024-08-24,48996.44,64180.77,15184.33,30.99,1095,73118.09,15760.19,51788.95,76.67,2.98
2021-08-26,2024-08-25,46852.22,64264.62,17412.40,37.16,1095,73118.09,15760.19,51788.95,76.67,2.97
2021-08-27,2024-08-26,49088.10,62850.27,13762.17,28.04,1095,73118.09,15760.19,51788.95,76.67,2.97
2021-08-28,2024-08-27,48918.90,59441.73,10522.83,21.51,1095,73118.09,15760.19,51788.95,76.67,2.97
2021-08-29,2024-08-28,48794.26,59043.50,10249.24,21.01,1095,73118.09,15760.19,51788.95,76.67,2.98
2021-08-30,2024-08-29,46993.31,59369.85,12376.54,26.34,1095,73118.09,15760.19,51788.95,76.67,2.97
2021-08-31,2024-08-30,47159.26,59129.05,11969.79,25.38,1095,73118.09,15760.19,51788.95,76.67,2.97
2021-09-01,2024-08-31,48840.01,58989.17,10149.16,20.78,1095,73118.09,15760.19,51788.95,76.67,2.97
2021-09-02,2024-09-01,49280.77,57313.44,8032.67,16.30,1095,73118.09,15760.19,51788.95,76.67,2.97
2021-09-03,2024-09-02,50019.51,59147.80,9128.29,18.25,1095,73118.09,15760.19,51788.95,76.67,2.97
2021-09-04,2024-09-03,49935.29,57481.84,7546.55,15.11,1095,73118.09,15760.19,51788.95,76.67,2.97
2021-09-05,2024-09-04,51784.16,57975.52,6191.36,11.96,1095,73118.09,15760.19,51788.95,76.67,2.97
2021-09-06,2024-09-05,52693.32,56167.40,3474.08,6.59,1095,73118.09,15760.19,51788.95,76.67,2.97
2021-09-07,2024-09-06,46856.31,53954.33,7098.02,15.15,1095,73118.09,15760.19,51788.95,76.67,2.96
2021-09-08,2024-09-07,46073.45,54167.82,8094.37,17.57,1095,73118.09,15760.19,51788.95,76.67,2.96
2021-09-09,2024-09-08,46392.85,54879.33,8486.48,18.29,1095,73118.09,15760.19,51788.95,76.67,2.96
2021-09-10,2024-09-09,44853.10,57056.31,12203.21,27.21,1095,73118.09,15760.19,51788.95,76.67,2.96
2021-09-11,2024-09-10,45166.12,57642.43,12476.31,27.62,1095,73118.09,15760.19,51788.95,76.67,2.96
2021-09-12,2024-09-11,46049.72,57354.27,11304.55,24.55,1095,73118.09,15760.19,51788.95,76.67,2.96
2021-09-13,2024-09-12,44958.56,58140.61,13182.05,29.32,1095,73118.09,15760.19,51788.95,76.67,2.96
2021-09-14,2024-09-13,47129.01,60548.12,13419.11,28.47,1095,73118.09,15760.19,51788.95,76.67,2.96
2021-09-15,2024-09-14,48148.45,60013.26,11864.81,24.64,1095,73118.09,15760.19,51788.95,76.67,2.95
2021-09-16,2024-09-15,47764.47,59139.21,11374.74,23.81,1095,73118.09,15760.19,51788.95,76.67,2.96
2021-09-17,2024-09-16,47297.98,58210.01,10912.03,23.07,1095,73118.09,15760.19,51788.95,76.67,2.96
2021-09-18,2024-09-17,48312.46,60321.59,12009.13,24.86,1095,73118.09,15760.19,51788.95,76.67,2.96
2021-09-19,2024-09-18,47251.76,61775.68,14523.92,30.74,1095,73118.09,15760.19,51788.95,76.67,2.96
2021-09-20,2024-09-19,42925.46,62963.41,20037.95,46.68,1095,73118.09,15760.19,51788.95,76.67,2.94
2021-09-21,2024-09-20,40709.59,63211.47,22501.88,55.27,1095,73118.09,15760.19,51788.95,76.67,2.94
2021-09-22,2024-09-21,43576.15,63363.17,19787.02,45.41,1095,73118.09,15760.19,51788.95,76.67,2.93
2021-09-23,2024-09-22,44893.87,63587.45,18693.58,41.64,1095,73118.09,15760.19,51788.95,76.67,2.93
2021-09-24,2024-09-23,42848.41,63341.97,20493.56,47.83,1095,73118.09,15760.19,51788.95,76.67,2.93
2021-09-25,2024-09-24,42721.91,64276.65,21554.74,50.45,1095,73118.09,15760.19,51788.95,76.67,2.93
2021-09-26,2024-09-25,43201.79,63144.83,19943.04,46.16,1095,73118.09,15760.19,51788.95,76.67,2.93
2021-09-27,2024-09-26,42187.51,65183.68,22996.17,54.51,1095,73118.09,15760.19,51788.95,76.67,2.93
2021-09-28,2024-09-27,41056.79,65790.28,24733.49,60.24,1095,73118.09,15760.19,51788.95,76.67,2.93
2021-09-29,2024-09-28,41539.43,65868.67,24329.24,58.57,1095,73118.09,15760.19,51788.95,76.67,2.93
2021-09-30,2024-09-29,43829.34,65611.98,21782.64,49.70,1095,73118.09,15760.19,51788.95,76.67,2.92
2021-10-01,2024-09-30,48164.35,63314.81,15150.46,31.46,1095,73118.09,15760.19,51788.95,76.67,2.91
2021-10-02,2024-10-01,47669.02,60790.06,13121.04,27.53,1095,73118.09,15760.19,51788.95,76.67,2.91
2021-10-03,2024-10-02,48234.05,60641.80,12407.75,25.72,1095,73118.09,15760.19,51788.95,76.67,2.91
2021-10-04,2024-10-03,49276.91,60746.35,11469.44,23.28,1095,73118.09,15760.19,51788.95,76.67,2.91
2021-10-05,2024-10-04,51504.27,62094.06,10589.79,20.56,1095,73118.09,15760.19,51788.95,76.67,2.91
2021-10-06,2024-10-05,55345.85,62059.19,6713.34,12.13,1095,73118.09,15760.19,51788.95,76.67,2.90
2021-10-07,2024-10-06,53797.21,62821.76,9024.55,16.78,1095,73118.09,15760.19,51788.95,76.67,2.90
2021-10-08,2024-10-07,53949.29,62209.84,8260.55,15.31,1095,73118.09,15760.19,51788.95,76.67,2.90
2021-10-09,2024-10-08,54968.04,62129.17,7161.13,13.03,1095,73118.09,15760.19,51788.95,76.67,2.90
2021-10-10,2024-10-09,54700.24,60585.22,5884.98,10.76,1095,73118.09,15760.19,51788.95,76.67,2.90
2021-10-11,2024-10-10,57498.80,60280.38,2781.58,4.84,1095,73118.09,15760.19,51788.95,76.67,2.90
2021-10-12,2024-10-11,56010.90,62517.42,6506.52,11.62,1095,73118.09,15760.19,51788.95,76.67,2.90
2021-10-13,2024-10-12,57369.00,63197.03,5828.03,10.16,1095,73118.09,15760.19,51788.95,76.67,2.90
2021-10-14,2024-10-13,57359.21,62854.48,5495.27,9.58,1095,73118.09,15760.19,51788.95,76.67,2.90
2021-10-15,2024-10-14,61684.96,66068.25,4383.29,7.11,1095,73118.09,15760.19,51788.95,76.67,2.89
2021-10-16,2024-10-15,60877.77,67064.69,6186.92,10.16,1095,73118.09,15760.19,51788.95,76.67,2.89
2021-10-17,2024-10-16,61520.54,67614.71,6094.17,9.91,1095,73118.09,15760.19,51788.95,76.67,2.89
2021-10-18,2024-10-17,62038.16,67408.87,5370.71,8.66,1095,73118.09,15760.19,51788.95,76.67,2.89
2021-10-19,2024-10-18,64283.97,68425.63,4141.66,6.44,1095,73118.09,15760.19,51788.95,76.67,2.89
2021-10-20,2024-10-19,66021.02,68370.04,2349.02,3.56,1095,73118.09,15760.19,51788.95,76.67,2.89
2021-10-21,2024-10-20,62283.96,69020.94,6736.98,10.82,1095,73118.09,15760.19,51788.95,76.67,2.88
2021-10-22,2024-10-21,60693.59,67358.14,6664.55,10.98,1095,73118.09,15760.19,51788.95,76.67,2.88
2021-10-23,2024-10-22,61313.09,67390.32,6077.23,9.91,1095,73118.09,15760.19,51788.95,76.67,2.88
2021-10-24,2024-10-23,60863.56,66612.97,5749.41,9.45,1095,73118.09,15760.19,51788.95,76.67,2.88
2021-10-25,2024-10-24,63089.04,68163.56,5074.52,8.04,1095,73118.09,15760.19,51788.95,76.67,2.88
2021-10-26,2024-10-25,60315.68,66577.77,6262.09,10.38,1095,73118.09,15760.19,51788.95,76.67,2.88
2021-10-27,2024-10-26,58464.42,67014.72,8550.30,14.62,1095,73118.09,15760.19,51788.95,76.67,2.88
2021-10-28,2024-10-27,60610.11,67945.14,7335.03,12.10,1095,73118.09,15760.19,51788.95,76.67,2.88
2021-10-29,2024-10-28,62282.50,69925.83,7643.33,12.27,1095,73118.09,15760.19,51788.95,76.67,2.88
2021-10-30,2024-10-29,61891.91,72723.67,10831.76,17.50,1095,73118.09,15760.19,51788.95,76.67,2.88
2021-10-31,2024-10-30,61349.75,72331.96,10982.21,17.90,1095,73118.09,15760.19,51788.95,76.67,2.88
2021-11-01,2024-10-31,60960.98,70207.54,9246.56,15.17,1095,73118.09,15760.19,51788.95,76.67,2.88
2021-11-02,2024-11-01,63260.05,69473.41,6213.36,9.82,1095,73118.09,15760.19,51788.95,76.67,2.88
2021-11-03,2024-11-02,62929.93,69354.01,6424.08,10.21,1095,73118.09,15760.19,51788.95,76.67,2.88
2021-11-04,2024-11-03,61448.47,68747.04,7298.57,11.88,1095,73118.09,15760.19,51788.95,76.67,2.88
2021-11-05,2024-11-04,61019.66,67811.95,6792.29,11.13,1095,73118.09,15760.19,51788.95,76.67,2.88
2021-11-06,2024-11-05,61529.76,69378.09,7848.33,12.76,1095,73118.09,15760.19,51788.95,76.67,2.88
2021-11-07,2024-11-06,63302.78,75643.57,12340.79,19.49,1095,75643.57,15760.19,51788.95,76.67,2.89
2021-11-08,2024-11-07,67549.14,75922.41,8373.27,12.40,1095,75922.41,15760.19,51788.95,76.67,2.88
2021-11-09,2024-11-08,66939.24,76562.31,9623.07,14.38,1095,76562.31,15760.19,51179.05,76.46,2.88
2021-11-10,2024-11-09,64926.06,76716.41,11790.35,18.16,1095,76716.41,15760.19,49748.87,75.94,2.88
2021-11-11,2024-11-10,64820.80,80429.43,15608.63,24.08,1095,80429.43,15760.19,49748.87,75.94,2.89
2021-11-12,2024-11-11,64156.30,88758.31,24602.01,38.35,1095,88758.31,15760.19,49748.87,75.94,2.90
2021-11-13,2024-11-12,64409.56,88040.54,23630.98,36.69,1095,88758.31,15760.19,49748.87,75.94,2.90
2021-11-14,2024-11-13,65509.06,90498.51,24989.45,38.15,1095,90498.51,15760.19,49748.87,75.94,2.90
2021-11-15,2024-11-14,63614.06,87334.19,23720.13,37.29,1095,90498.51,15760.19,47853.87,75.23,2.90
2021-11-16,2024-11-15,60108.90,91058.92,30950.02,51.49,1095,91058.92,15760.19,44605.41,73.89,2.90
2021-11-17,2024-11-16,60365.60,90630.94,30265.34,50.14,1095,91058.92,15760.19,44605.41,73.89,2.90
2021-11-18,2024-11-17,56930.68,89877.16,32946.48,57.87,1095,91058.92,15760.19,44009.47,73.63,2.90
2021-11-19,2024-11-18,58136.22,90514.83,32378.61,55.69,1095,91058.92,15760.19,44009.47,73.63,2.90
2021-11-20,2024-11-19,59769.66,92418.48,32648.82,54.62,1095,92418.48,15760.19,44009.47,73.63,2.90
2021-11-21,2024-11-20,58700.83,94379.92,35679.09,60.78,1095,94379.92,15760.19,43206.80,73.27,2.90
2021-11-22,2024-11-21,56303.06,98436.25,42133.19,74.83,1095,98436.25,15760.19,43206.80,73.27,2.90
2021-11-23,2024-11-22,57566.60,99010.89,41444.29,71.99,1095,99010.89,15760.19,43206.80,73.27,2.89
2021-11-24,2024-11-23,57175.09,97765.04,40589.95,70.99,1095,99010.89,15760.19,43206.80,73.27,2.89
2021-11-25,2024-11-24,58966.99,98018.20,39051.21,66.23,1095,99010.89,15760.19,43206.80,73.27,2.89
2021-11-26,2024-11-25,53788.22,93019.38,39231.16,72.94,1095,99010.89,15760.19,42079.36,72.75,2.89
2021-11-27,2024-11-26,54805.03,91903.89,37098.86,67.69,1095,99010.89,15760.19,42079.36,72.75,2.88
2021-11-28,2024-11-27,57331.41,95957.51,38626.10,67.37,1095,99010.89,15760.19,42079.36,72.75,2.88
2021-11-29,2024-11-28,57839.55,95670.41,37830.86,65.41,1095,99010.89,15760.19,42079.36,72.75,2.88
2021-11-30,2024-11-29,56975.35,97510.92,40535.57,71.15,1095,99010.89,15760.19,41467.78,72.46,2.88
2021-12-01,2024-11-30,57227.97,96473.51,39245.54,68.58,1095,99010.89,15760.19,41467.78,72.46,2.88
2021-12-02,2024-12-01,56522.76,97276.47,40753.71,72.10,1095,99010.89,15760.19,40762.57,72.12,2.88
2021-12-03,2024-12-02,53663.25,95859.75,42196.50,78.63,1095,99010.89,15760.19,37903.06,70.63,2.88
2021-12-04,2024-12-03,49243.39,95928.37,46684.98,94.80,1095,99010.89,15760.19,35080.17,69.00,2.87
2021-12-05,2024-12-04,49465.50,98751.87,49286.37,99.64,1095,99010.89,15760.19,35080.17,69.00,2.87
2021-12-06,2024-12-05,50552.83,97053.82,46500.99,91.98,1095,99010.89,15760.19,35080.17,69.00,2.87
2021-12-07,2024-12-06,50633.01,99897.97,49264.96,97.30,1095,99897.97,15760.19,35080.17,69.00,2.87
2021-12-08,2024-12-07,50513.04,99926.38,49413.34,97.82,1095,99926.38,15760.19,35080.17,69.00,2.87
2021-12-09,2024-12-08,47593.85,101189.81,53595.96,112.61,1095,101189.81,15760.19,35080.17,69.00,2.87
2021-12-10,2024-12-09,47191.14,97338.34,50147.20,106.26,1095,101189.81,15760.19,35080.17,69.00,2.87
2021-12-11,2024-12-10,49398.40,96657.88,47259.48,95.67,1095,101189.81,15760.19,35080.17,69.00,2.87
2021-12-12,2024-12-11,50109.99,101203.07,51093.08,101.96,1095,101203.07,15760.19,35080.17,69.00,2.87
2021-12-13,2024-12-12,46731.03,100041.98,53310.95,114.08,1095,101203.07,15760.19,35080.17,69.00,2.86
2021-12-14,2024-12-13,48387.69,101429.78,53042.09,109.62,1095,101429.78,15760.19,35080.17,69.00,2.86
2021-12-15,2024-12-14,48885.05,101402.95,52517.90,107.43,1095,101429.78,15760.19,35080.17,69.00,2.86
2021-12-16,2024-12-15,47635.92,104424.54,56788.62,119.21,1095,104424.54,15760.19,35080.17,69.00,2.86
2021-12-17,2024-12-16,46164.14,106089.20,59925.06,129.81,1095,106089.20,15760.19,35080.17,69.00,2.86
2021-12-18,2024-12-17,46861.62,106140.14,59278.52,126.50,1095,106140.14,15760.19,35080.17,69.00,2.86
2021-12-19,2024-12-18,46697.13,100147.26,53450.13,114.46,1095,106140.14,15760.19,35080.17,69.00,2.86
2021-12-20,2024-12-19,46913.54,97381.10,50467.56,107.58,1095,106140.14,15760.19,35080.17,69.00,2.87
2021-12-21,2024-12-20,48917.48,97769.49,48852.01,99.87,1095,106140.14,15760.19,35080.17,69.00,2.86
2021-12-22,2024-12-21,48614.97,97223.39,48608.42,99.99,1095,106140.14,15760.19,35080.17,69.00,2.86
2021-12-23,2024-12-22,50830.20,95098.66,44268.46,87.09,1095,106140.14,15760.19,35080.17,69.00,2.86
2021-12-24,2024-12-23,50840.36,94771.64,43931.28,86.41,1095,106140.14,15760.19,35080.17,69.00,2.86
2021-12-25,2024-12-24,50431.63,98606.93,48175.30,95.53,1095,106140.14,15760.19,35030.69,68.97,2.86
2021-12-26,2024-12-25,50790.88,99356.06,48565.18,95.62,1095,106140.14,15760.19,35030.69,68.97,2.86
2021-12-27,2024-12-26,50714.73,95680.19,44965.46,88.66,1095,106140.14,15760.19,34954.54,68.92,2.86
2021-12-28,2024-12-27,47536.39,94170.09,46633.70,98.10,1095,106140.14,15760.19,31977.16,66.99,2.86
2021-12-29,2024-12-28,46471.70,95140.15,48668.45,104.73,1095,106140.14,15760.19,31977.16,66.99,2.86
2021-12-30,2024-12-29,47129.66,93564.85,46435.19,98.53,1095,106140.14,15760.19,31977.16,66.99,2.86
2021-12-31,2024-12-30,46197.31,92646.21,46448.90,100.54,1095,106140.14,15760.19,31977.16,66.99,2.86
2022-01-01,2024-12-31,47737.35,93391.98,45654.63,95.64,1095,106140.14,15760.19,31977.16,66.99,2.86
2022-01-02,2025-01-01,47306.41,94392.51,47086.10,99.53,1095,106140.14,15760.19,31685.11,66.78,2.86
2022-01-03,2025-01-02,46450.79,96900.96,50450.17,108.61,1095,106140.14,15760.19,31685.11,66.78,2.86
2022-01-04,2025-01-03,45824.54,98135.80,52311.26,114.16,1095,106140.14,15760.19,31685.11,66.78,2.86
2022-01-05,2025-01-04,43432.51,98213.69,54781.18,126.13,1095,106140.14,15760.19,31685.11,66.78,2.85
2022-01-06,2025-01-05,43094.54,98346.97,55252.43,128.21,1095,106140.14,15760.19,31685.11,66.78,2.85
2022-01-07,2025-01-06,41543.79,102282.20,60738.41,146.20,1095,106140.14,15760.19,31685.11,66.78,2.85
2022-01-08,2025-01-07,41686.67,96942.47,55255.80,132.55,1095,106140.14,15760.19,31685.11,66.78,2.86
2022-01-09,2025-01-08,41869.60,95051.06,53181.46,127.02,1095,106140.14,15760.19,31685.11,66.78,2.86
2022-01-10,2025-01-09,41832.59,92548.12,50715.53,121.23,1095,106140.14,15760.19,31685.11,66.78,2.86
2022-01-11,2025-01-10,42743.03,94710.29,51967.26,121.58,1095,106140.14,15760.19,31685.11,66.78,2.86
2022-01-12,2025-01-11,43919.67,94569.95,50650.28,115.32,1095,106140.14,15760.19,31685.11,66.78,2.86
2022-01-13,2025-01-12,42575.61,94505.67,51930.06,121.97,1095,106140.14,15760.19,31685.11,66.78,2.86
2022-01-14,2025-01-13,43089.83,94517.66,51427.83,119.35,1095,106140.14,15760.19,31685.11,66.78,2.86
2022-01-15,2025-01-14,43088.74,96526.87,53438.13,124.02,1095,106140.14,15760.19,31685.11,66.78,2.86
2022-01-16,2025-01-15,43100.36,100510.84,57410.48,133.20,1095,106140.14,15760.19,31685.11,66.78,2.86
2022-01-17,2025-01-16,42224.38,99979.43,57755.05,136.78,1095,106140.14,15760.19,31685.11,66.78,2.86
2022-01-18,2025-01-17,42372.75,104111.13,61738.38,145.70,1095,106140.14,15760.19,31685.11,66.78,2.86
2022-01-19,2025-01-18,41674.80,104431.52,62756.72,150.59,1095,106140.14,15760.19,31685.11,66.78,2.86
2022-01-20,2025-01-19,40697.03,101212.56,60515.53,148.70,1095,106140.14,15760.19,31685.11,66.78,2.86
2022-01-21,2025-01-20,36469.30,102148.74,65679.44,180.10,1095,106140.14,15760.19,31685.11,66.78,2.84
2022-01-22,2025-01-21,35075.92,106155.61,71079.69,202.65,1095,106155.61,15760.19,31685.11,66.78,2.84
2022-01-23,2025-01-22,36288.15,103669.08,67380.93,185.68,1095,106155.61,15760.19,31685.11,66.78,2.84
2022-01-24,2025-01-23,36702.79,103933.88,67231.09,183.18,1095,106155.61,15760.19,31685.11,66.78,2.84
2022-01-25,2025-01-24,36975.99,104854.78,67878.79,183.58,1095,106155.61,15760.19,31685.11,66.78,2.84
2022-01-26,2025-01-25,36829.37,104733.15,67903.78,184.37,1095,106155.61,15760.19,31685.11,66.78,2.84
2022-01-27,2025-01-26,37189.85,102576.93,65387.08,175.82,1095,106155.61,15760.19,31685.11,66.78,2.84
2022-01-28,2025-01-27,37744.70,102065.72,64321.02,170.41,1095,106155.61,15760.19,31685.11,66.78,2.84
2022-01-29,2025-01-28,38184.86,101284.47,63099.61,165.25,1095,106155.61,15760.19,31685.11,66.78,2.84
2022-01-30,2025-01-29,37908.44,103742.97,65834.53,173.67,1095,106155.61,15760.19,31685.11,66.78,2.84
2022-01-31,2025-01-30,38494.66,104739.58,66244.92,172.09,1095,106155.61,15760.19,31685.11,66.78,2.84
2022-02-01,2025-01-31,38721.49,102412.41,63690.92,164.48,1095,106155.61,15760.19,31685.11,66.78,2.84
2022-02-02,2025-02-01,36918.19,100619.87,63701.68,172.55,1095,106155.61,15760.19,31685.11,66.78,2.84
2022-02-03,2025-02-02,37328.64,97665.06,60336.42,161.64,1095,106155.61,15760.19,31685.11,66.78,2.84
2022-02-04,2025-02-03,41590.34,101451.28,59860.94,143.93,1095,106155.61,15760.19,31685.11,66.78,2.82
2022-02-05,2025-02-04,41418.21,97794.88,56376.67,136.12,1095,106155.61,15760.19,31685.11,66.78,2.83
2022-02-06,2025-02-05,42412.41,96633.71,54221.30,127.84,1095,106155.61,15760.19,31685.11,66.78,2.83
2022-02-07,2025-02-06,43861.07,96564.27,52703.20,120.16,1095,106155.61,15760.19,31685.11,66.78,2.82
2022-02-08,2025-02-07,44080.12,96532.73,52452.61,118.99,1095,106155.61,15760.19,31685.11,66.78,2.82
2022-02-09,2025-02-08,44422.91,96475.59,52052.68,117.18,1095,106155.61,15760.19,31685.11,66.78,2.82
2022-02-10,2025-02-09,43531.67,96485.60,52953.93,121.64,1095,106155.61,15760.19,31685.11,66.78,2.82
2022-02-11,2025-02-10,42398.98,97458.59,55059.61,129.86,1095,106155.61,15760.19,31685.11,66.78,2.82
2022-02-12,2025-02-11,42239.01,95781.05,53542.04,126.76,1095,106155.61,15760.19,31685.11,66.78,2.82
2022-02-13,2025-02-12,42069.84,97874.61,55804.77,132.65,1095,106155.61,15760.19,31685.11,66.78,2.82
2022-02-14,2025-02-13,42552.28,96632.78,54080.50,127.09,1095,106155.61,15760.19,31685.11,66.78,2.82
2022-02-15,2025-02-14,44576.33,97508.71,52932.38,118.75,1095,106155.61,15760.19,31685.11,66.78,2.82
2022-02-16,2025-02-15,43896.34,97596.21,53699.87,122.33,1095,106155.61,15760.19,31685.11,66.78,2.82
2022-02-17,2025-02-16,40545.09,96132.69,55587.60,137.10,1095,106155.61,15760.19,31685.11,66.78,2.81
2022-02-18,2025-02-17,39994.66,95790.31,55795.65,139.51,1095,106155.61,15760.19,31685.11,66.78,2.81
2022-02-19,2025-02-18,40107.12,95630.67,55523.55,138.44,1095,106155.61,15760.19,31685.11,66.78,2.81
2022-02-20,2025-02-19,38397.25,96640.99,58243.74,151.69,1095,106155.61,15760.19,31685.11,66.78,2.81
2022-02-21,2025-02-20,37037.39,98345.66,61308.27,165.53,1095,106155.61,15760.19,31685.11,66.78,2.80
2022-02-22,2025-02-21,38267.75,96150.27,57882.52,151.26,1095,106155.61,15760.19,31685.11,66.78,2.80
2022-02-23,2025-02-22,37270.85,96580.46,59309.61,159.13,1095,106155.61,15760.19,31685.11,66.78,2.80
2022-02-24,2025-02-23,38353.62,96274.12,57920.50,151.02,1095,106155.61,15760.19,31685.11,66.78,2.80
2022-02-25,2025-02-24,39239.77,91536.97,52297.20,133.28,1095,106155.61,15760.19,31685.11,66.78,2.80
2022-02-26,2025-02-25,39134.83,88609.26,49474.43,126.42,1095,106155.61,15760.19,31685.11,66.78,2.81
2022-02-27,2025-02-26,37714.96,84128.38,46413.42,123.06,1095,106155.61,15760.19,31685.11,66.78,2.81
2022-02-28,2025-02-27,43189.46,84657.34,41467.88,96.01,1095,106155.61,15760.19,31685.11,66.78,2.77
2022-03-01,2025-02-28,44428.47,84322.57,39894.10,89.79,1095,106155.61,15760.19,31685.11,66.78,2.77
2022-03-02,2025-03-01,43935.37,86050.58,42115.21,95.86,1095,106155.61,15760.19,31685.11,66.78,2.77
2022-03-03,2025-03-02,42474.37,94275.76,51801.39,121.96,1095,106155.61,15760.19,31685.11,66.78,2.79
2022-03-04,2025-03-03,39154.40,86158.95,47004.55,120.05,1095,106155.61,15760.19,31685.11,66.78,2.79
2022-03-05,2025-03-04,39407.02,87255.42,47848.40,121.42,1095,106155.61,15760.19,31685.11,66.78,2.79
2022-03-06,2025-03-05,38428.92,90610.80,52181.88,135.79,1095,106155.61,15760.19,31685.11,66.78,2.79
2022-03-07,2025-03-06,38030.63,89931.91,51901.28,136.47,1095,106155.61,15760.19,31685.11,66.78,2.79
2022-03-08,2025-03-07,38748.52,86766.61,48018.09,123.92,1095,106155.61,15760.19,31685.11,66.78,2.79
2022-03-09,2025-03-08,41962.85,86225.00,44262.15,105.48,1095,106155.61,15760.19,31685.11,66.78,2.78
2022-03-10,2025-03-09,39443.42,80719.05,41275.63,104.65,1095,106155.61,15760.19,31685.11,66.78,2.78
2022-03-11,2025-03-10,38741.03,78561.62,39820.59,102.79,1095,106155.61,15760.19,31685.11,66.78,2.78
2022-03-12,2025-03-11,38805.53,82919.47,44113.94,113.68,1095,106155.61,15760.19,31685.11,66.78,2.79
2022-03-13,2025-03-12,37796.31,83665.14,45868.83,121.36,1095,106155.61,15760.19,31685.11,66.78,2.79
2022-03-14,2025-03-13,39696.28,81081.43,41385.15,104.25,1095,106155.61,15760.19,31685.11,66.78,2.78
2022-03-15,2025-03-14,39314.86,83995.47,44680.61,113.65,1095,106155.61,15760.19,31685.11,66.78,2.79
2022-03-16,2025-03-15,41133.64,84355.92,43222.28,105.08,1095,106155.61,15760.19,31685.11,66.78,2.78
2022-03-17,2025-03-16,40956.79,82572.37,41615.58,101.61,1095,106155.61,15760.19,31685.11,66.78,2.78
2022-03-18,2025-03-17,41790.97,84025.12,42234.15,101.06,1095,106155.61,15760.19,31685.11,66.78,2.78
2022-03-19,2025-03-18,42235.02,82716.74,40481.72,95.85,1095,106155.61,15760.19,31685.11,66.78,2.78
2022-03-20,2025-03-19,41243.16,86878.50,45635.34,110.65,1095,106155.61,15760.19,31685.11,66.78,2.79
2022-03-21,2025-03-20,41043.90,84178.31,43134.41,105.09,1095,106155.61,15760.19,31685.11,66.78,2.79
2022-03-22,2025-03-21,42380.11,84060.48,41680.37,98.35,1095,106155.61,15760.19,31685.11,66.78,2.79
2022-03-23,2025-03-22,42904.10,83837.39,40933.29,95.41,1095,106155.61,15760.19,31685.11,66.78,2.79
2022-03-24,2025-03-23,44006.77,86091.67,42084.90,95.63,1095,106155.61,15760.19,31685.11,66.78,2.79
2022-03-25,2025-03-24,44331.36,87520.48,43189.12,97.42,1095,106155.61,15760.19,31685.11,66.78,2.79
2022-03-26,2025-03-25,44542.31,87439.70,42897.39,96.31,1095,106155.61,15760.19,31685.11,66.78,2.79
2022-03-27,2025-03-26,46842.14,86923.95,40081.81,85.57,1095,106155.61,15760.19,31685.11,66.78,2.78
2022-03-28,2025-03-27,47128.71,87218.89,40090.18,85.07,1095,106155.61,15760.19,31685.11,66.78,2.78
2022-03-29,2025-03-28,47445.30,84387.01,36941.71,77.86,1095,106155.61,15760.19,31685.11,66.78,2.78
2022-03-30,2025-03-29,47056.41,82625.65,35569.24,75.59,1095,106155.61,15760.19,31296.22,66.51,2.78
2022-03-31,2025-03-30,45522.65,82379.51,36856.86,80.96,1095,106155.61,15760.19,30849.17,66.19,2.78
2022-04-01,2025-03-31,46299.75,82539.52,36239.77,78.27,1095,106155.61,15760.19,30849.17,66.19,2.78
2022-04-02,2025-04-01,45822.28,85174.96,39352.68,85.88,1095,106155.61,15760.19,30849.17,66.19,2.78
2022-04-03,2025-04-02,46414.26,82490.58,36076.32,77.73,1095,106155.61,15760.19,30849.17,66.19,2.79
2022-04-04,2025-04-03,46609.36,83158.80,36549.44,78.42,1095,106155.61,15760.19,30849.17,66.19,2.79
2022-04-05,2025-04-04,45501.58,83860.21,38358.63,84.30,1095,106155.61,15760.19,29741.39,65.36,2.78
2022-04-06,2025-04-05,43177.78,83503.37,40325.59,93.39,1095,106155.61,15760.19,27706.02,63.74,2.78
2022-04-07,2025-04-06,43466.21,78365.57,34899.36,80.29,1095,106155.61,15760.19,27790.04,26.18,2.79
2022-04-08,2025-04-07,42273.38,79143.06,36869.68,87.22,1095,106155.61,15760.19,27790.04,26.18,2.79
2022-04-09,2025-04-08,42768.61,76255.10,33486.49,78.30,1095,106155.61,15760.19,29900.51,28.17,2.79
2022-04-10,2025-04-09,42153.77,82587.03,40433.26,95.92,1095,106155.61,15760.19,29900.51,28.17,2.80
2022-04-11,2025-04-10,39536.71,79554.96,40018.25,101.22,1095,106155.61,15760.19,29900.51,28.17,2.79
2022-04-12,2025-04-11,40086.66,83386.00,43299.34,108.01,1095,106155.61,15760.19,29900.51,28.17,2.80
2022-04-13,2025-04-12,41150.33,85272.12,44121.79,107.22,1095,106155.61,15760.19,29900.51,28.17,2.80
2022-04-14,2025-04-13,39951.63,83730.92,43779.29,109.58,1095,106155.61,15760.19,29900.51,28.17,2.80
2022-04-15,2025-04-14,40563.69,84575.75,44012.06,108.50,1095,106155.61,15760.19,29900.51,28.17,2.80
2022-04-16,2025-04-15,40392.55,83638.17,43245.62,107.06,1095,106155.61,15760.19,29900.51,28.17,2.80
2022-04-17,2025-04-16,39688.16,84029.40,44341.24,111.72,1095,106155.61,15760.19,29900.51,28.17,2.80
2022-04-18,2025-04-17,40811.03,84943.42,44132.39,108.14,1095,106155.61,15760.19,29900.51,28.17,2.79
2022-04-19,2025-04-18,41504.44,84459.96,42955.52,103.50,1095,106155.61,15760.19,29900.51,28.17,2.79
2022-04-20,2025-04-19,41375.35,85061.54,43686.19,105.59,1095,106155.61,15760.19,29900.51,28.17,2.79
2022-04-21,2025-04-20,40490.97,85167.14,44676.17,110.34,1095,106155.61,15760.19,29900.51,28.17,2.79
2022-04-22,2025-04-21,39716.04,87515.57,47799.53,120.35,1095,106155.61,15760.19,29900.51,28.17,2.79
2022-04-23,2025-04-22,39445.97,93483.30,54037.33,136.99,1095,106155.61,15760.19,29900.51,28.17,2.80
2022-04-24,2025-04-23,39466.26,93729.23,54262.97,137.49,1095,106155.61,15760.19,29900.51,28.17,2.80
2022-04-25,2025-04-24,40437.52,94022.48,53584.96,132.51,1095,106155.61,15760.19,29900.51,28.17,2.80
2022-04-26,2025-04-25,38117.39,94711.24,56593.85,148.47,1095,106155.61,15760.19,29900.51,28.17,2.79
2022-04-27,2025-04-26,39252.04,94663.66,55411.62,141.17,1095,106155.61,15760.19,29900.51,28.17,2.79
2022-04-28,2025-04-27,39749.75,93777.44,54027.69,135.92,1095,106155.61,15760.19,29900.51,28.17,2.79
2022-04-29,2025-04-28,38594.22,95035.06,56440.84,146.24,1095,106155.61,15760.19,29900.51,28.17,2.79
2022-04-30,2025-04-29,37650.13,94274.16,56624.03,150.40,1095,106155.61,15760.19,29900.51,28.17,2.79
2022-05-01,2025-04-30,38480.53,94186.14,55705.61,144.76,1095,106155.61,15760.19,29900.51,28.17,2.79
2022-05-02,2025-05-01,38513.01,96519.31,58006.30,150.61,1095,106155.61,15760.19,29900.51,28.17,2.79
2022-05-03,2025-05-02,37725.38,96925.07,59199.69,156.92,1095,106155.61,15760.19,29900.51,28.17,2.79
2022-05-04,2025-05-03,39680.21,95903.14,56222.93,141.69,1095,106155.61,15760.19,29900.51,28.17,2.79
2022-05-05,2025-05-04,36546.86,94394.09,57847.23,158.28,1095,106155.61,15760.19,29900.51,28.17,2.78
2022-05-06,2025-05-05,36009.89,94767.95,58758.06,163.17,1095,106155.61,15760.19,29900.51,28.17,2.78
2022-05-07,2025-05-06,35469.21,96835.87,61366.66,173.01,1095,106155.61,15760.19,29900.51,28.17,2.78
2022-05-08,2025-05-07,34033.77,97052.27,63018.50,185.16,1095,106155.61,15760.19,29900.51,28.17,2.77
2022-05-09,2025-05-08,30076.90,103259.00,73182.10,243.32,1095,106155.61,15760.19,29900.51,28.17,2.76
2022-05-10,2025-05-09,31013.12,102982.30,71969.18,232.06,1095,106155.61,15760.19,29900.51,28.17,2.76
2022-05-11,2025-05-10,29017.21,104814.08,75796.87,261.21,1095,106155.61,15760.19,29900.51,28.17,2.75
2022-05-12,2025-05-11,28915.72,104124.02,75208.30,260.09,1095,106155.61,15760.19,29900.51,28.17,2.75
2022-05-13,2025-05-12,29244.83,102802.44,73557.61,251.52,1095,106155.61,15760.19,29900.51,28.17,2.75
2022-05-14,2025-05-13,30050.31,104136.59,74086.28,246.54,1095,106155.61,15760.19,29900.51,28.17,2.75
2022-05-15,2025-05-14,31296.11,103543.76,72247.65,230.85,1095,106155.61,15760.19,29900.51,28.17,2.75
2022-05-16,2025-05-15,29838.50,103787.64,73949.14,247.83,1095,106155.61,15760.19,29900.51,28.17,2.74
2022-05-17,2025-05-16,30415.91,103499.60,73083.69,240.28,1095,106155.61,15760.19,29900.51,28.17,2.74
2022-05-18,2025-05-17,28667.29,103159.32,74492.03,259.85,1095,106155.61,15760.19,29900.51,28.17,2.74
2022-05-19,2025-05-18,30282.48,106488.62,76206.14,251.65,1095,106488.62,15760.19,29900.51,28.17,2.73
2022-05-20,2025-05-19,29166.15,105618.19,76452.04,262.13,1095,106488.62,15760.19,29900.51,28.17,2.73
2022-05-21,2025-05-20,29410.72,106875.88,77465.16,263.39,1095,106875.88,15760.19,29900.51,28.17,2.73
2022-05-22,2025-05-21,30264.29,109699.86,79435.57,262.47,1095,109699.86,15760.19,29900.51,28.17,2.73
2022-05-23,2025-05-22,29075.68,111722.11,82646.43,284.25,1095,111722.11,15760.19,29900.51,28.17,2.73
2022-05-24,2025-05-23,29630.05,107332.91,77702.86,262.24,1095,111722.11,15760.19,29900.51,28.17,2.73
2022-05-25,2025-05-24,29508.27,107779.46,78271.19,265.25,1095,111722.11,15760.19,29900.51,28.17,2.73
2022-05-26,2025-05-25,29188.71,109041.44,79852.73,273.57,1095,111722.11,15760.19,29900.51,28.17,2.73
2022-05-27,2025-05-26,28597.33,109461.24,80863.91,282.77,1095,111722.11,15760.19,29900.51,28.17,2.73
2022-05-28,2025-05-27,29013.53,108975.95,79962.42,275.60,1095,111722.11,15760.19,29900.51,28.17,2.73
2022-05-29,2025-05-28,29452.23,107821.11,78368.88,266.09,1095,111722.11,15760.19,29900.51,28.17,2.73
2022-05-30,2025-05-29,31716.41,105586.78,73870.37,232.91,1095,111722.11,15760.19,29900.51,28.17,2.72
2022-05-31,2025-05-30,31782.16,104039.27,72257.11,227.35,1095,111722.11,15760.19,29900.51,28.17,2.72
2022-06-01,2025-05-31,29789.58,104654.65,74865.07,251.31,1095,111722.11,15760.19,29900.51,28.17,2.71
2022-06-02,2025-06-01,30439.63,105702.19,75262.56,247.25,1095,111722.11,15760.19,29900.51,28.17,2.71
2022-06-03,2025-06-02,29680.30,105908.79,76228.49,256.83,1095,111722.11,15760.19,29900.51,28.17,2.71
2022-06-04,2025-06-03,29845.48,105447.66,75602.18,253.31,1095,111722.11,15760.19,29900.51,28.17,2.71
2022-06-05,2025-06-04,29897.90,104746.00,74848.10,250.35,1095,111722.11,15760.19,29900.51,28.17,2.71
2022-06-06,2025-06-05,31353.78,101580.61,70226.83,223.98,1095,111722.11,15760.19,29900.51,28.17,2.71
2022-06-07,2025-06-06,31111.75,104392.54,73280.79,235.54,1095,111722.11,15760.19,29900.51,28.17,2.71
2022-06-08,2025-06-07,30189.27,105625.23,75435.96,249.88,1095,111722.11,15760.19,29900.51,28.17,2.71
2022-06-09,2025-06-08,30082.94,105779.28,75696.34,251.63,1095,111722.11,15760.19,29900.51,28.17,2.71
2022-06-10,2025-06-09,29067.38,110302.12,81234.74,279.47,1095,111722.11,15760.19,29900.51,28.17,2.71
2022-06-11,2025-06-10,28389.49,110296.20,81906.71,288.51,1095,111722.11,15760.19,29900.51,28.17,2.71
2022-06-12,2025-06-11,26587.35,108676.78,82089.43,308.75,1095,111722.11,15760.19,29900.51,28.17,2.70
2022-06-13,2025-06-12,22471.59,105726.04,83254.45,370.49,1095,111722.11,15760.19,29900.51,28.17,2.66
2022-06-14,2025-06-13,22118.37,106121.08,84002.71,379.79,1095,111722.11,15760.19,29900.51,28.17,2.66
2022-06-15,2025-06-14,22566.73,105481.13,82914.40,367.42,1095,111722.11,15760.19,29900.51,28.17,2.66
2022-06-16,2025-06-15,20372.85,105625.23,85252.38,418.46,1095,111722.11,15760.19,29900.51,28.17,2.64
2022-06-17,2025-06-16,20432.26,106855.39,86423.13,422.97,1095,111722.11,15760.19,29900.51,28.17,2.64
2022-06-18,2025-06-17,18954.25,104598.68,85644.43,451.85,1095,111722.11,15760.19,29900.51,28.17,2.64
2022-06-19,2025-06-18,20553.48,104927.87,84374.39,410.51,1095,111722.11,15760.19,29900.51,28.17,2.62
2022-06-20,2025-06-19,20550.91,104699.72,84148.81,409.47,1095,111722.11,15760.19,29900.51,28.17,2.62
2022-06-21,2025-06-20,20699.21,103313.31,82614.10,399.12,1095,111722.11,15760.19,29900.51,28.17,2.62
2022-06-22,2025-06-21,19956.16,102165.68,82209.52,411.95,1095,111722.11,15760.19,29900.51,28.17,2.62
2022-06-23,2025-06-22,21098.41,101015.42,79917.01,378.78,1095,111722.11,15760.19,29900.51,28.17,2.62
2022-06-24,2025-06-23,21219.46,105423.73,84204.27,396.83,1095,111722.11,15760.19,29900.51,28.17,2.62
2022-06-25,2025-06-24,21474.19,106133.25,84659.06,394.24,1095,111722.11,15760.19,29900.51,28.17,2.62
2022-06-26,2025-06-25,21031.85,107399.88,86368.03,410.65,1095,111722.11,15760.19,29900.51,28.17,2.62
2022-06-27,2025-06-26,20718.16,107012.17,86294.01,416.51,1095,111722.11,15760.19,29900.51,28.17,2.62
2022-06-28,2025-06-27,20251.96,107105.16,86853.20,428.86,1095,111722.11,15760.19,29900.51,28.17,2.62
2022-06-29,2025-06-28,20094.16,107346.44,87252.28,434.22,1095,111722.11,15760.19,29900.51,28.17,2.62
2022-06-30,2025-06-29,19908.49,108391.87,88483.38,444.45,1095,111722.11,15760.19,29900.51,28.17,2.62
2022-07-01,2025-06-30,19249.33,107169.82,87920.49,456.75,1095,111722.11,15760.19,29900.51,28.17,2.62
2022-07-02,2025-07-01,19225.66,105724.18,86498.52,449.91,1095,111722.11,15760.19,29900.51,28.17,2.62
2022-07-03,2025-07-02,19294.21,108886.62,89592.41,464.35,1095,111722.11,15760.19,29900.51,28.17,2.62
2022-07-04,2025-07-03,20212.81,109638.97,89426.16,442.42,1095,111722.11,15760.19,29900.51,28.17,2.61
2022-07-05,2025-07-04,20158.69,108027.71,87869.02,435.89,1095,111722.11,15760.19,29900.51,28.17,2.61
2022-07-06,2025-07-05,20545.04,108244.51,87699.47,426.86,1095,111722.11,15760.19,29900.51,28.17,2.61
2022-07-07,2025-07-06,21611.80,109233.93,87622.13,405.44,1095,111722.11,15760.19,29900.51,28.17,2.61
2022-07-08,2025-07-07,21592.65,108277.16,86684.51,401.45,1095,111722.11,15760.19,29900.51,28.17,2.61
2022-07-09,2025-07-08,21582.17,108955.05,87372.88,404.84,1095,111722.11,15760.19,29900.51,28.17,2.61
2022-07-10,2025-07-09,20846.53,111291.70,90445.17,433.86,1095,111722.11,15760.19,29900.51,28.17,2.61
2022-07-11,2025-07-10,19944.25,116023.34,96079.09,481.74,1095,116023.34,15760.19,29900.51,28.17,2.61
2022-07-12,2025-07-11,19309.71,117573.92,98264.21,508.88,1095,117573.92,15760.19,29900.51,28.17,2.61
2022-07-13,2025-07-12,20230.81,117468.16,97237.35,480.64,1095,117573.92,15760.19,29900.51,28.17,2.60
2022-07-14,2025-07-13,20577.38,119127.66,98550.28,478.93,1095,119127.66,15760.19,29900.51,28.17,2.60
2022-07-15,2025-07-14,20827.27,119869.01,99041.74,475.54,1095,119869.01,15760.19,29900.51,28.17,2.60
2022-07-16,2025-07-15,21199.01,117777.90,96578.89,455.58,1095,119869.01,15760.19,29900.51,28.17,2.60
2022-07-17,2025-07-16,20792.81,118700.37,97907.56,470.87,1095,119869.01,15760.19,29900.51,28.17,2.60
2022-07-18,2025-07-17,22447.39,119282.74,96835.35,431.39,1095,119869.01,15760.19,29900.51,28.17,2.59
2022-07-19,2025-07-18,23399.91,118025.92,94626.01,404.39,1095,119869.01,15760.19,29900.51,28.17,2.59
2022-07-20,2025-07-19,23222.77,117913.27,94690.50,407.75,1095,119869.01,15760.19,29900.51,28.17,2.59
2022-07-21,2025-07-20,23153.54,117328.61,94175.07,406.74,1095,119869.01,15760.19,29900.51,28.17,2.59
2022-07-22,2025-07-21,22686.32,117441.75,94755.43,417.68,1095,119869.01,15760.19,29900.51,28.17,2.59
2022-07-23,2025-07-22,22452.14,120023.50,97571.36,434.57,1095,120023.50,15760.19,29900.51,28.17,2.59
2022-07-24,2025-07-23,22585.40,118808.78,96223.38,426.04,1095,120023.50,15760.19,29900.51,28.17,2.59
2022-07-25,2025-07-24,21305.59,118397.33,97091.74,455.71,1095,120023.50,15760.19,29900.51,28.17,2.58
2022-07-26,2025-07-25,21258.08,117644.11,96386.03,453.41,1095,120023.50,15760.19,29900.51,28.17,2.58
2022-07-27,2025-07-26,22960.19,117971.27,95011.08,413.81,1095,120023.50,15760.19,29900.51,28.17,2.57
2022-07-28,2025-07-27,23855.65,119468.71,95613.06,400.80,1095,120023.50,15760.19,29900.51,28.17,2.57
2022-07-29,2025-07-28,23769.15,118059.92,94290.77,396.69,1095,120023.50,15760.19,29900.51,28.17,2.57
2022-07-30,2025-07-29,23646.03,117942.11,94296.08,398.78,1095,120023.50,15760.19,29900.51,28.17,2.57
2022-07-31,2025-07-30,23308.14,117853.30,94545.16,405.63,1095,120023.50,15760.19,29900.51,28.17,2.57
2022-08-01,2025-07-31,23271.57,115765.36,92493.79,397.45,1095,120023.50,15760.19,29900.51,28.17,2.57
2022-08-02,2025-08-01,22991.49,113263.48,90271.99,392.63,1095,120023.50,15760.19,29900.51,28.17,2.57
2022-08-03,2025-08-02,22825.25,112546.32,89721.07,393.08,1095,120023.50,15760.19,29900.51,28.17,2.57
2022-08-04,2025-08-03,22622.99,114238.83,91615.84,404.97,1095,120023.50,15760.19,29900.51,28.17,2.57
2022-08-05,2025-08-04,23319.22,115065.90,91746.68,393.44,1095,120023.50,15760.19,29900.51,28.17,2.57
2022-08-06,2025-08-05,22956.40,114127.63,91171.23,397.15,1095,120023.50,15760.19,29900.51,28.17,2.57
2022-08-07,2025-08-06,23179.86,115038.45,91858.59,396.29,1095,120023.50,15760.19,29900.51,28.17,2.57
2022-08-08,2025-08-07,23817.72,117522.28,93704.56,393.42,1095,120023.50,15760.19,29900.51,28.17,2.57
2022-08-09,2025-08-08,23156.66,116692.86,93536.20,403.93,1095,120023.50,15760.19,29900.51,28.17,2.57
2022-08-10,2025-08-09,23959.67,116501.28,92541.61,386.24,1095,120023.50,15760.19,29900.51,28.17,2.56
2022-08-11,2025-08-10,23943.36,119311.70,95368.34,398.31,1095,120023.50,15760.19,29900.51,28.17,2.56
2022-08-12,2025-08-11,24412.17,118714.58,94302.41,386.29,1095,120023.50,15760.19,29900.51,28.17,2.56
2022-08-13,2025-08-12,24449.86,120128.24,95678.38,391.32,1095,120128.24,15760.19,29900.51,28.17,2.56
2022-08-14,2025-08-13,24313.71,123374.56,99060.85,407.43,1095,123374.56,15760.19,29900.51,28.17,2.57
2022-08-15,2025-08-14,24101.69,118391.59,94289.90,391.22,1095,123374.56,15760.19,29900.51,28.17,2.57
2022-08-16,2025-08-15,23858.64,117440.09,93581.45,392.23,1095,123374.56,15760.19,29900.51,28.17,2.57
2022-08-17,2025-08-16,23338.03,117469.52,94131.49,403.34,1095,123374.56,15760.19,29900.51,28.17,2.57
2022-08-18,2025-08-17,23201.51,117488.00,94286.49,406.38,1095,123374.56,15760.19,29900.51,28.17,2.57
2022-08-19,2025-08-18,20833.43,116292.15,95458.72,458.20,1095,123374.56,15760.19,29900.51,28.17,2.55
2022-08-20,2025-08-19,21142.06,112870.67,91728.61,433.87,1095,123374.56,15760.19,29900.51,28.17,2.55
2022-08-21,2025-08-20,21514.79,114291.37,92776.58,431.22,1095,123374.56,15760.19,29900.51,28.17,2.55
2022-08-22,2025-08-21,21399.66,112491.84,91092.18,425.67,1095,123374.56,15760.19,29900.51,28.17,2.55
2022-08-23,2025-08-22,21520.62,116909.79,95389.17,443.25,1095,123374.56,15760.19,29900.51,28.17,2.55
2022-08-24,2025-08-23,21369.05,115391.76,94022.71,439.99,1095,123374.56,15760.19,29900.51,28.17,2.55
2022-08-25,2025-08-24,21565.47,113486.67,91921.20,426.24,1095,123374.56,15760.19,29900.51,28.17,2.55
2022-08-26,2025-08-25,20247.99,110150.15,89902.16,444.01,1095,123374.56,15760.19,29900.51,28.17,2.55
2022-08-27,2025-08-26,20038.42,111805.93,91767.51,457.96,1095,123374.56,15760.19,29900.51,28.17,2.55
2022-08-28,2025-08-27,19554.08,111276.98,91722.90,469.07,1095,123374.56,15760.19,29900.51,28.17,2.55
2022-08-29,2025-08-28,20292.37,112582.21,92289.84,454.80,1095,123374.56,15760.19,29900.51,28.17,2.54
2022-08-30,2025-08-29,19813.51,108393.15,88579.64,447.07,1095,123374.56,15760.19,29900.51,28.17,2.55
2022-08-31,2025-08-30,20050.28,108833.53,88783.25,442.80,1095,123374.56,15760.19,29900.51,28.17,2.55
2022-09-01,2025-08-31,20129.93,108273.72,88143.79,437.87,1095,123374.56,15760.19,29900.51,28.17,2.55
2022-09-02,2025-09-01,19957.44,109256.28,89298.84,447.45,1095,123374.56,15760.19,29900.51,28.17,2.55
2022-09-03,2025-09-02,19834.79,111245.94,91411.15,460.86,1095,123374.56,15760.19,29900.51,28.17,2.55
2022-09-04,2025-09-03,20003.46,111751.51,91748.05,458.66,1095,123374.56,15760.19,29900.51,28.17,2.55
2022-09-05,2025-09-04,19793.29,110732.33,90939.04,459.44,1095,123374.56,15760.19,29900.51,28.17,2.55
2022-09-06,2025-09-05,18791.95,110676.99,91885.04,488.96,1095,123374.56,15760.19,29900.51,28.17,2.54
2022-09-07,2025-09-06,19287.52,110230.16,90942.64,471.51,1095,123374.56,15760.19,29900.51,28.17,2.54
2022-09-08,2025-09-07,19321.77,111143.24,91821.47,475.22,1095,123374.56,15760.19,29900.51,28.17,2.54
2022-09-09,2025-09-08,21369.73,112089.06,90719.33,424.52,1095,123374.56,15760.19,29900.51,28.17,2.52
2022-09-10,2025-09-09,21655.13,111549.14,89894.01,415.12,1095,123374.56,15760.19,29900.51,28.17,2.52
2022-09-11,2025-09-10,21836.45,113988.20,92151.75,422.01,1095,123374.56,15760.19,29900.51,28.17,2.52
2022-09-12,2025-09-11,22400.52,115537.84,93137.32,415.78,1095,123374.56,15760.19,29900.51,28.17,2.52
2022-09-13,2025-09-12,20173.77,116116.26,95942.49,475.58,1095,123374.56,15760.19,29900.51,28.17,2.50
2022-09-14,2025-09-13,20233.68,115890.66,95656.98,472.76,1095,123374.56,15760.19,29900.51,28.17,2.50
